<?xml version="1.0" encoding="UTF-8"?>
<COLLADA xmlns="http://www.collada.org/2005/11/COLLADASchema" version="1.4.1">
  <asset>
    <contributor>
      <authoring_tool>Rhinoceros 7.5.21082.11001</authoring_tool>
      <comments>Output from Rhinoceros COLLADA Exporter</comments>
    </contributor>
    <created>2022-07-23T06:17:32Z</created>
    <modified>2022-07-23T06:17:32Z</modified>
    <unit meter="0.0254" name="Inches" />
    <up_axis>Z_UP</up_axis>
  </asset>
  <library_materials>
    <material id="a0000000-0000-0000-0000-000000000000">
      <instance_effect url="#fx-a0000000-0000-0000-0000-000000000000" />
    </material>
  </library_materials>
  <library_effects>
    <effect id="fx-a0000000-0000-0000-0000-000000000000">
      <profile_COMMON>
        <technique sid="common">
          <phong>
            <emission>
              <color>0.000000 0.000000 0.000000 1.000000</color>
            </emission>
            <ambient>
              <color>0.000000 0.000000 0.000000 1.000000</color>
            </ambient>
            <diffuse>
	      <!--<color>0.980392 0.980392 0.980392 1.000000</color> -->
	      <color>1.0 0.8 0.0 1</color>
            </diffuse>
            <specular>
              <color>1.000000 1.000000 1.000000 1.000000</color>
            </specular>
            <reflective>
              <color>1.000000 1.000000 1.000000 1.000000</color>
            </reflective>
            <reflectivity>
              <float>1.000000</float>
            </reflectivity>
            <transparent>
              <color>1.000000 1.000000 1.000000 1.000000</color>
            </transparent>
            <transparency>
              <float>1.000000</float>
            </transparency>
            <index_of_refraction>
              <float>0.000000</float>
            </index_of_refraction>
          </phong>
        </technique>
      </profile_COMMON>
      <extra>
        <technique profile="Rhino">
          <appearance_hash>2978268964</appearance_hash>
        </technique>
      </extra>
    </effect>
  </library_effects>
  <library_geometries>
    <geometry id="mesh-a5fdb100-78e0-41a5-8fcb-a2db310aecc6">
      <mesh>
        <source id="lib-position-a5fdb100-78e0-41a5-8fcb-a2db310aecc6" name="position">
          <float_array id="lib-position-array-a5fdb100-78e0-41a5-8fcb-a2db310aecc6" count="4068" digits="17" magnitude="308">0 -1.45667159557343 -0.00788004044443369 0 -1.45157945156097 -0.121948577463627 0 -1.43756854534149 -0.235267847776413 0 -1.41472506523132 -0.347141593694687 0 -1.38318932056427 -0.456882476806641 0 -1.34315502643585 -0.56381618976593 0 -1.29486835002899 -0.667285740375519 0 -1.2386257648468 -0.766655445098877 0 -1.17477285861969 -0.861314654350281 0 -1.10370206832886 -0.950681865215302 0 -1.02584993839264 -1.03420794010162 0 -0.941694855690002 -1.11137974262238 0 -0.851753890514374 -1.18172311782837 0 -0.756579637527466 -1.24480581283569 0 -0.65675687789917 -1.30024027824402 0 -0.552898943424225 -1.34768581390381 0 -0.445643872022629 -1.3868510723114 0 -0.335650712251663 -1.4174952507019 0 -0.223595291376114 -1.43943023681641 0 -0.110166065394878 -1.45252120494843 0 0.00394003465771675 -1.45668756961823 0 0.118021927773952 -1.45190393924713 0 0.231378674507141 -1.43819963932037 0 0.343313813209534 -1.41565883159637 0 0.453139573335648 -1.38442003726959 0 0.560181200504303 -1.3446751832962 0 0.663780987262726 -1.29666841030121 0 0.763302385807037 -1.24069488048553 0 0.858134031295776 -1.17709827423096 0 0.947693109512329 -1.10626935958862 0 1.03142952919006 -1.02864348888397 0 1.10882866382599 -0.944697439670563 0 1.17941498756409 -0.854947090148926 0 1.24275481700897 -0.759943783283234 0 1.29845905303955 -0.660271346569061 0 1.34618544578552 -0.556542098522186 0 1.3856406211853 -0.44939336180687 0 1.41658222675323 -0.339483499526978 0 1.43882024288177 -0.227487817406654 0 1.45221781730652 -0.114094413816929 0 1.45669293403625 3.75319494247081E-15 0 -1.45669293403625 -3.91857643135631E-15 0 1.45667159557343 0.00788004044443369 0 1.45157945156097 0.121948577463627 0 1.43756854534149 0.235267847776413 0 1.41472506523132 0.347141593694687 0 1.38318932056427 0.456882476806641 0 1.34315502643585 0.56381618976593 0 1.29486835002899 0.667285740375519 0 1.2386257648468 0.766655445098877 0 1.17477285861969 0.861314654350281 0 1.10370206832886 0.950681865215302 0 1.02584993839264 1.03420794010162 0 0.941694855690002 1.11137974262238 0 0.851753890514374 1.18172311782837 0 0.756579637527466 1.24480581283569 0 0.65675687789917 1.30024027824402 0 0.552898943424225 1.34768581390381 0 0.445643872022629 1.3868510723114 0 0.335650712251663 1.4174952507019 0 0.223595291376114 1.43943023681641 0 0.110166065394878 1.45252120494843 0 -0.00394003465771675 1.45668756961823 0 -0.118021927773952 1.45190393924713 0 -0.231378674507141 1.43819963932037 0 -0.343313813209534 1.41565883159637 0 -0.453139573335648 1.38442003726959 0 -0.560181200504303 1.3446751832962 0 -0.663780987262726 1.29666841030121 0 -0.763302385807037 1.24069488048553 0 -0.858134031295776 1.17709827423096 0 -0.947693109512329 1.10626935958862 0 -1.03142952919006 1.02864348888397 0 -1.10882866382599 0.944697439670563 0 -1.17941498756409 0.854947090148926 0 -1.24275481700897 0.759943783283234 0 -1.29845905303955 0.660271346569061 0 -1.34618544578552 0.556542098522186 0 -1.3856406211853 0.44939336180687 0 -1.41658222675323 0.339483499526978 0 -1.43882024288177 0.227487817406654 0 -1.45221781730652 0.114094413816929 0.00899060629308224 -1.49384152889252 -0.1552944034338 0.0199051629751921 -1.51415181159973 -0.157405778765678 0.0345936864614487 -1.53195381164551 -0.159256428480148 0.0524917058646679 -1.54656362533569 -0.160775199532509 0.0729114040732384 -1.55741965770721 -0.161903768777847 0.00899060629308224 -1.47142672538757 -0.300968676805496 0.0199051629751921 -1.49143218994141 -0.305060654878616 0.0345936864614487 -1.50896716117859 -0.308647304773331 0.0524917058646679 -1.52335774898529 -0.311590760946274 0.0729114040732384 -1.53405094146729 -0.313777983188629 0.00899060629308224 -1.43484127521515 -0.443744480609894 0.0199051629751921 -1.45434939861298 -0.449777632951736 0.0345936864614487 -1.47144842147827 -0.455065727233887 0.0524917058646679 -1.48548114299774 -0.459405541419983 0.0729114040732384 -1.49590849876404 -0.462630331516266 0.00899060629308224 -1.38443756103516 -0.582246780395508 0.0199051629751921 -1.40326035022736 -0.590162992477417 0.0345936864614487 -1.4197586774826 -0.597101628780365 0.0524917058646679 -1.43329858779907 -0.602796018123627 0.0729114040732384 -1.44335949420929 -0.607027292251587 0.00899060629308224 -1.32070100307465 -0.715141713619232 0.0199051629751921 -1.3386572599411 -0.724864780902863 0.0345936864614487 -1.35439598560333 -0.733387112617493 0.0524917058646679 -1.36731243133545 -0.740381181240082 0.0729114040732384 -1.37691032886505 -0.745578289031982 0.00899060629308224 -1.24424529075623 -0.84114944934845 0.0199051629751921 -1.2611620426178 -0.852585732936859 0.0345936864614487 -1.27598977088928 -0.862609684467316 0.0524917058646679 -1.28815841674805 -0.870836138725281 0.0729114040732384 -1.29720067977905 -0.876948952674866 0.00899060629308224 -1.15580689907074 -0.959056437015533 0.0199051629751921 -1.17152118682861 -0.972095787525177 0.0345936864614487 -1.18529498577118 -0.983524858951569 0.0524917058646679 -1.19659876823425 -0.992904424667358 0.0729114040732384 -1.204998254776 -0.99987405538559 0.00899060629308224 -1.05623733997345 -1.06772720813751 0.0199051629751921 -1.07059800624847 -1.08224403858185 0.0345936864614487 -1.08318507671356 -1.09496808052063 0.0524917058646679 -1.09351515769958 -1.10541045665741 0.0729114040732384 -1.10119104385376 -1.11316990852356 0.00899060629308224 -0.946495711803436 -1.16611516475677 0.0199051629751921 -0.959364295005798 -1.18196964263916 0.0345936864614487 -0.970643639564514 -1.19586622714996 0.0524917058646679 -0.979900419712067 -1.207270860672 0.0729114040732384 -0.986778795719147 -1.21574532985687 0.00899060629308224 -0.827638804912567 -1.25327277183533 0.0199051629751921 -0.838891386985779 -1.27031230926514 0.0345936864614487 -0.848754346370697 -1.2852475643158 0.0524917058646679 -0.856848657131195 -1.29750454425812 0.0729114040732384 -0.862863302230835 -1.30661237239838 0.00899060629308224 -0.700811326503754 -1.32836079597473 0.0199051629751921 -0.710339546203613 -1.34642112255096 0.0345936864614487 -0.718691051006317 -1.36225116252899 0.0524917058646679 -0.725545048713684 -1.37524259090424 0.0729114040732384 -0.730637967586517 -1.38489603996277 0.00899060629308224 -0.567234575748444 -1.39065587520599 0.0199051629751921 -0.574946701526642 -1.40956318378448 0.0345936864614487 -0.581706404685974 -1.42613565921783 0.0524917058646679 -0.587253987789154 -1.43973624706268 0.0729114040732384 -0.591376185417175 -1.44984245300293 0.00899060629308224 -0.428195089101791 -1.43955814838409 0.0199051629751921 -0.434016823768616 -1.4591304063797 0.0345936864614487 -0.439119607210159 -1.47628557682037 0.0524917058646679 -0.443307369947433 -1.49036455154419 0.0729114040732384 -0.446419149637222 -1.50082612037659 0.00899060629308224 -0.285031825304031 -1.47459673881531 0.0199051629751921 -0.288907110691071 -1.49464535713196 0.0345936864614487 -0.292303830385208 -1.51221811771393 0.0524917058646679 -0.295091450214386 -1.52663969993591 0.0729114040732384 -0.29716283082962 -1.53735589981079 0.00899060629308224 -0.139123558998108 -1.49543416500092 0.0199051629751921 -0.141015082597733 -1.51576614379883 0.0345936864614487 -0.142673015594482 -1.53358721733093 0.0524917058646679 -0.144033640623093 -1.54821252822876 0.0729114040732384 -0.145044684410095 -1.55908012390137 0.00899060629308224 0.00812454521656036 -1.5018697977066 0.0199051629751921 0.00823500659316778 -1.52228915691376 0.0345936864614487 0.00833182688802481 -1.54018688201904 0.0524917058646679 0.00841128453612328 -1.55487525463104 0.0729114040732384 0.00847032759338617 -1.56578958034515 0.00899060629308224 0.1552944034338 -1.49384152889252 0.0199051629751921 0.157405778765678 -1.51415181159973 0.0345936864614487 0.159256428480148 -1.53195381164551 0.0524917058646679 0.160775199532509 -1.54656362533569 0.0729114040732384 0.161903768777847 -1.55741965770721 0.00899060629308224 0.300968676805496 -1.47142672538757 0.0199051629751921 0.305060654878616 -1.49143218994141 0.0345936864614487 0.308647304773331 -1.50896716117859 0.0524917058646679 0.311590760946274 -1.52335774898529 0.0729114040732384 0.313777983188629 -1.53405094146729 0.00899060629308224 0.443744480609894 -1.43484127521515 0.0199051629751921 0.449777632951736 -1.45434939861298 0.0345936864614487 0.455065727233887 -1.47144842147827 0.0524917058646679 0.459405541419983 -1.48548114299774 0.0729114040732384 0.462630331516266 -1.49590849876404 0.00899060629308224 0.582246780395508 -1.38443756103516 0.0199051629751921 0.590162992477417 -1.40326035022736 0.0345936864614487 0.597101628780365 -1.4197586774826 0.0524917058646679 0.602796018123627 -1.43329858779907 0.0729114040732384 0.607027292251587 -1.44335949420929 0.00899060629308224 0.715141713619232 -1.32070100307465 0.0199051629751921 0.724864780902863 -1.3386572599411 0.0345936864614487 0.733387112617493 -1.35439598560333 0.0524917058646679 0.740381181240082 -1.36731243133545 0.0729114040732384 0.745578289031982 -1.37691032886505 0.00899060629308224 0.84114944934845 -1.24424529075623 0.0199051629751921 0.852585732936859 -1.2611620426178 0.0345936864614487 0.862609684467316 -1.27598977088928 0.0524917058646679 0.870836138725281 -1.28815841674805 0.0729114040732384 0.876948952674866 -1.29720067977905 0.00899060629308224 0.959056437015533 -1.15580689907074 0.0199051629751921 0.972095787525177 -1.17152118682861 0.0345936864614487 0.983524858951569 -1.18529498577118 0.0524917058646679 0.992904424667358 -1.19659876823425 0.0729114040732384 0.99987405538559 -1.204998254776 0.00899060629308224 1.06772720813751 -1.05623733997345 0.0199051629751921 1.08224403858185 -1.07059800624847 0.0345936864614487 1.09496808052063 -1.08318507671356 0.0524917058646679 1.10541045665741 -1.09351515769958 0.0729114040732384 1.11316990852356 -1.10119104385376 0.00899060629308224 1.16611516475677 -0.946495711803436 0.0199051629751921 1.18196964263916 -0.959364295005798 0.0345936864614487 1.19586622714996 -0.970643639564514 0.0524917058646679 1.207270860672 -0.979900419712067 0.0729114040732384 1.21574532985687 -0.986778795719147 0.00899060629308224 1.25327277183533 -0.827638804912567 0.0199051629751921 1.27031230926514 -0.838891386985779 0.0345936864614487 1.2852475643158 -0.848754346370697 0.0524917058646679 1.29750454425812 -0.856848657131195 0.0729114040732384 1.30661237239838 -0.862863302230835 0.00899060629308224 1.32836079597473 -0.700811326503754 0.0199051629751921 1.34642112255096 -0.710339546203613 0.0345936864614487 1.36225116252899 -0.718691051006317 0.0524917058646679 1.37524259090424 -0.725545048713684 0.0729114040732384 1.38489603996277 -0.730637967586517 0.00899060629308224 1.39065587520599 -0.567234575748444 0.0199051629751921 1.40956318378448 -0.574946701526642 0.0345936864614487 1.42613565921783 -0.581706404685974 0.0524917058646679 1.43973624706268 -0.587253987789154 0.0729114040732384 1.44984245300293 -0.591376185417175 0.00899060629308224 1.43955814838409 -0.428195089101791 0.0199051629751921 1.4591304063797 -0.434016823768616 0.0345936864614487 1.47628557682037 -0.439119607210159 0.0524917058646679 1.49036455154419 -0.443307369947433 0.0729114040732384 1.50082612037659 -0.446419149637222 0.00899060629308224 1.47459673881531 -0.285031825304031 0.0199051629751921 1.49464535713196 -0.288907110691071 0.0345936864614487 1.51221811771393 -0.292303830385208 0.0524917058646679 1.52663969993591 -0.295091450214386 0.0729114040732384 1.53735589981079 -0.29716283082962 0.00899060629308224 1.49543416500092 -0.139123558998108 0.0199051629751921 1.51576614379883 -0.141015082597733 0.0345936864614487 1.53358721733093 -0.142673015594482 0.0524917058646679 1.54821252822876 -0.144033640623093 0.0729114040732384 1.55908012390137 -0.145044684410095 0 -1.45667159557343 -0.00788004044443369 0 -1.45157945156097 -0.121948577463627 0 -1.43756854534149 -0.235267847776413 0 -1.41472506523132 -0.347141593694687 0 -1.38318932056427 -0.456882476806641 0 -1.34315502643585 -0.56381618976593 0 -1.29486835002899 -0.667285740375519 0 -1.2386257648468 -0.766655445098877 0 -1.17477285861969 -0.861314654350281 0 -1.10370206832886 -0.950681865215302 0 -1.02584993839264 -1.03420794010162 0 -0.941694855690002 -1.11137974262238 0 -0.851753890514374 -1.18172311782837 0 -0.756579637527466 -1.24480581283569 0 -0.65675687789917 -1.30024027824402 0 -0.552898943424225 -1.34768581390381 0 -0.445643872022629 -1.3868510723114 0 -0.335650712251663 -1.4174952507019 0 -0.223595291376114 -1.43943023681641 0 -0.110166065394878 -1.45252120494843 0 0.00394003465771675 -1.45668756961823 0 0.118021927773952 -1.45190393924713 0 0.231378674507141 -1.43819963932037 0 0.343313813209534 -1.41565883159637 0 0.453139573335648 -1.38442003726959 0 0.560181200504303 -1.3446751832962 0 0.663780987262726 -1.29666841030121 0 0.763302385807037 -1.24069488048553 0 0.858134031295776 -1.17709827423096 0 0.947693109512329 -1.10626935958862 0 1.03142952919006 -1.02864348888397 0 1.10882866382599 -0.944697439670563 0 1.17941498756409 -0.854947090148926 0 1.24275481700897 -0.759943783283234 0 1.29845905303955 -0.660271346569061 0 1.34618544578552 -0.556542098522186 0 1.3856406211853 -0.44939336180687 0 1.41658222675323 -0.339483499526978 0 1.43882024288177 -0.227487817406654 0 1.45221781730652 -0.114094413816929 0 -1.45669293403625 -3.91857643135631E-15 0.118110239505768 -1.57480311393738 -1.46692391306963E-13 0.0729114040732384 -1.56581258773804 -1.35858758596417E-13 0.0345936864614487 -1.54020941257477 -1.04940876951773E-13 0.00899060629308224 -1.50189173221588 -5.86457220134486E-14 0 1.45669293403625 3.75319494247081E-15 0.00899060629308224 1.50189173221588 4.91199861004949E-14 0.0345936864614487 1.54020941257477 6.76411915844985E-14 0.0729114040732384 1.56581258773804 5.64971314631797E-14 0.118110239505768 1.57480311393738 1.74092477359025E-14 0.118110239505768 -1.57478010654449 -0.00851896218955517 0.118110239505768 1.57061648368835 -0.114755660295486 0.118110239505768 1.55807864665985 -0.228901162743568 0.118110239505768 1.53725647926331 -0.341829568147659 0.118110239505768 1.50826060771942 -0.452940434217453 0.118110239505768 1.4712450504303 -0.561643004417419 0.118110239505768 1.42640686035156 -0.667359232902527 0.118110239505768 1.37398433685303 -0.769527077674866 0.118110239505768 1.31425619125366 -0.867603302001953 0.118110239505768 1.24754011631012 -0.961066424846649 0.118110239505768 1.17419075965881 -1.04941940307617 0.118110239505768 1.09459805488586 -1.13219261169434 0.118110239505768 1.00918531417847 -1.20894575119019 0.118110239505768 0.918406665325165 -1.27927100658417 0.118110239505768 0.822744786739349 -1.34279406070709 0.118110239505768 0.722708284854889 -1.39917755126953 0.118110239505768 0.618829071521759 -1.44812142848969 0.118110239505768 0.511659502983093 -1.48936545848846 0.118110239505768 0.401769399642944 -1.52269053459167 0.118110239505768 0.289743065834045 -1.54791927337646 0.118110239505768 0.176176130771637 -1.56491756439209 0.118110239505768 0.0616724602878094 -1.57359504699707 0.118110239505768 -0.0531591288745403 -1.57390570640564 0.118110239505768 -0.167708069086075 -1.56584763526917 0.118110239505768 -0.281365275382996 -1.54946398735046 0.118110239505768 -0.393526464700699 -1.52484154701233 0.118110239505768 -0.503595232963562 -1.49211156368256 0.118110239505768 -0.610986351966858 -1.45144772529602 0.118110239505768 -0.715128779411316 -1.40306651592255 0.118110239505768 -0.815468847751617 -1.34722518920898 0.118110239505768 -0.911472976207733 -1.28422033786774 0.118110239505768 -1.00263071060181 -1.21438729763031 0.118110239505768 -1.08845734596252 -1.13809728622437 0.118110239505768 -1.16849660873413 -1.05575585365295 0.118110239505768 -1.24232292175293 -0.967800974845886 0.118110239505768 -1.30954372882843 -0.874700129032135 0.118110239505768 -1.36980140209198 -0.77694845199585 0.118110239505768 -1.42277586460114 -0.675065696239471 0.118110239505768 -1.4681853055954 -0.569593548774719 0.118110239505768 -1.50578832626343 -0.461092829704285 0.118110239505768 -1.53538489341736 -0.350140422582626 0.118110239505768 -1.55681765079498 -0.237326309084892 0.118110239505768 -1.56997275352478 -0.123250298202038 0.00899060629308224 1.49384152889252 0.1552944034338 0.0199051629751921 1.51415181159973 0.157405778765678 0.0345936864614487 1.53195381164551 0.159256428480148 0.0524917058646679 1.54656362533569 0.160775199532509 0.0729114040732384 1.55741965770721 0.161903768777847 0.00899060629308224 1.47142672538757 0.300968676805496 0.0199051629751921 1.49143218994141 0.305060654878616 0.0345936864614487 1.50896716117859 0.308647304773331 0.0524917058646679 1.52335774898529 0.311590760946274 0.0729114040732384 1.53405094146729 0.313777983188629 0.00899060629308224 1.43484127521515 0.443744480609894 0.0199051629751921 1.45434939861298 0.449777632951736 0.0345936864614487 1.47144842147827 0.455065727233887 0.0524917058646679 1.48548114299774 0.459405541419983 0.0729114040732384 1.49590849876404 0.462630331516266 0.00899060629308224 1.38443756103516 0.582246780395508 0.0199051629751921 1.40326035022736 0.590162992477417 0.0345936864614487 1.4197586774826 0.597101628780365 0.0524917058646679 1.43329858779907 0.602796018123627 0.0729114040732384 1.44335949420929 0.607027292251587 0.00899060629308224 1.32070100307465 0.715141713619232 0.0199051629751921 1.3386572599411 0.724864780902863 0.0345936864614487 1.35439598560333 0.733387112617493 0.0524917058646679 1.36731243133545 0.740381181240082 0.0729114040732384 1.37691032886505 0.745578289031982 0.00899060629308224 1.24424529075623 0.84114944934845 0.0199051629751921 1.2611620426178 0.852585732936859 0.0345936864614487 1.27598977088928 0.862609684467316 0.0524917058646679 1.28815841674805 0.870836138725281 0.0729114040732384 1.29720067977905 0.876948952674866 0.00899060629308224 1.15580689907074 0.959056437015533 0.0199051629751921 1.17152118682861 0.972095787525177 0.0345936864614487 1.18529498577118 0.983524858951569 0.0524917058646679 1.19659876823425 0.992904424667358 0.0729114040732384 1.204998254776 0.99987405538559 0.00899060629308224 1.05623733997345 1.06772720813751 0.0199051629751921 1.07059800624847 1.08224403858185 0.0345936864614487 1.08318507671356 1.09496808052063 0.0524917058646679 1.09351515769958 1.10541045665741 0.0729114040732384 1.10119104385376 1.11316990852356 0.00899060629308224 0.946495711803436 1.16611516475677 0.0199051629751921 0.959364295005798 1.18196964263916 0.0345936864614487 0.970643639564514 1.19586622714996 0.0524917058646679 0.979900419712067 1.207270860672 0.0729114040732384 0.986778795719147 1.21574532985687 0.00899060629308224 0.827638804912567 1.25327277183533 0.0199051629751921 0.838891386985779 1.27031230926514 0.0345936864614487 0.848754346370697 1.2852475643158 0.0524917058646679 0.856848657131195 1.29750454425812 0.0729114040732384 0.862863302230835 1.30661237239838 0.00899060629308224 0.700811326503754 1.32836079597473 0.0199051629751921 0.710339546203613 1.34642112255096 0.0345936864614487 0.718691051006317 1.36225116252899 0.0524917058646679 0.725545048713684 1.37524259090424 0.0729114040732384 0.730637967586517 1.38489603996277 0.00899060629308224 0.567234575748444 1.39065587520599 0.0199051629751921 0.574946701526642 1.40956318378448 0.0345936864614487 0.581706404685974 1.42613565921783 0.0524917058646679 0.587253987789154 1.43973624706268 0.0729114040732384 0.591376185417175 1.44984245300293 0.00899060629308224 0.428195089101791 1.43955814838409 0.0199051629751921 0.434016823768616 1.4591304063797 0.0345936864614487 0.439119607210159 1.47628557682037 0.0524917058646679 0.443307369947433 1.49036455154419 0.0729114040732384 0.446419149637222 1.50082612037659 0.00899060629308224 0.285031825304031 1.47459673881531 0.0199051629751921 0.288907110691071 1.49464535713196 0.0345936864614487 0.292303830385208 1.51221811771393 0.0524917058646679 0.295091450214386 1.52663969993591 0.0729114040732384 0.29716283082962 1.53735589981079 0.00899060629308224 0.139123558998108 1.49543416500092 0.0199051629751921 0.141015082597733 1.51576614379883 0.0345936864614487 0.142673015594482 1.53358721733093 0.0524917058646679 0.144033640623093 1.54821252822876 0.0729114040732384 0.145044684410095 1.55908012390137 0.00899060629308224 -0.00812454521656036 1.5018697977066 0.0199051629751921 -0.00823500659316778 1.52228915691376 0.0345936864614487 -0.00833182688802481 1.54018688201904 0.0524917058646679 -0.00841128453612328 1.55487525463104 0.0729114040732384 -0.00847032759338617 1.56578958034515 0.00899060629308224 -0.1552944034338 1.49384152889252 0.0199051629751921 -0.157405778765678 1.51415181159973 0.0345936864614487 -0.159256428480148 1.53195381164551 0.0524917058646679 -0.160775199532509 1.54656362533569 0.0729114040732384 -0.161903768777847 1.55741965770721 0.00899060629308224 -0.300968676805496 1.47142672538757 0.0199051629751921 -0.305060654878616 1.49143218994141 0.0345936864614487 -0.308647304773331 1.50896716117859 0.0524917058646679 -0.311590760946274 1.52335774898529 0.0729114040732384 -0.313777983188629 1.53405094146729 0.00899060629308224 -0.443744480609894 1.43484127521515 0.0199051629751921 -0.449777632951736 1.45434939861298 0.0345936864614487 -0.455065727233887 1.47144842147827 0.0524917058646679 -0.459405541419983 1.48548114299774 0.0729114040732384 -0.462630331516266 1.49590849876404 0.00899060629308224 -0.582246780395508 1.38443756103516 0.0199051629751921 -0.590162992477417 1.40326035022736 0.0345936864614487 -0.597101628780365 1.4197586774826 0.0524917058646679 -0.602796018123627 1.43329858779907 0.0729114040732384 -0.607027292251587 1.44335949420929 0.00899060629308224 -0.715141713619232 1.32070100307465 0.0199051629751921 -0.724864780902863 1.3386572599411 0.0345936864614487 -0.733387112617493 1.35439598560333 0.0524917058646679 -0.740381181240082 1.36731243133545 0.0729114040732384 -0.745578289031982 1.37691032886505 0.00899060629308224 -0.84114944934845 1.24424529075623 0.0199051629751921 -0.852585732936859 1.2611620426178 0.0345936864614487 -0.862609684467316 1.27598977088928 0.0524917058646679 -0.870836138725281 1.28815841674805 0.0729114040732384 -0.876948952674866 1.29720067977905 0.00899060629308224 -0.959056437015533 1.15580689907074 0.0199051629751921 -0.972095787525177 1.17152118682861 0.0345936864614487 -0.983524858951569 1.18529498577118 0.0524917058646679 -0.992904424667358 1.19659876823425 0.0729114040732384 -0.99987405538559 1.204998254776 0.00899060629308224 -1.06772720813751 1.05623733997345 0.0199051629751921 -1.08224403858185 1.07059800624847 0.0345936864614487 -1.09496808052063 1.08318507671356 0.0524917058646679 -1.10541045665741 1.09351515769958 0.0729114040732384 -1.11316990852356 1.10119104385376 0.00899060629308224 -1.16611516475677 0.946495711803436 0.0199051629751921 -1.18196964263916 0.959364295005798 0.0345936864614487 -1.19586622714996 0.970643639564514 0.0524917058646679 -1.207270860672 0.979900419712067 0.0729114040732384 -1.21574532985687 0.986778795719147 0.00899060629308224 -1.25327277183533 0.827638804912567 0.0199051629751921 -1.27031230926514 0.838891386985779 0.0345936864614487 -1.2852475643158 0.848754346370697 0.0524917058646679 -1.29750454425812 0.856848657131195 0.0729114040732384 -1.30661237239838 0.862863302230835 0.00899060629308224 -1.32836079597473 0.700811326503754 0.0199051629751921 -1.34642112255096 0.710339546203613 0.0345936864614487 -1.36225116252899 0.718691051006317 0.0524917058646679 -1.37524259090424 0.725545048713684 0.0729114040732384 -1.38489603996277 0.730637967586517 0.00899060629308224 -1.39065587520599 0.567234575748444 0.0199051629751921 -1.40956318378448 0.574946701526642 0.0345936864614487 -1.42613565921783 0.581706404685974 0.0524917058646679 -1.43973624706268 0.587253987789154 0.0729114040732384 -1.44984245300293 0.591376185417175 0.00899060629308224 -1.43955814838409 0.428195089101791 0.0199051629751921 -1.4591304063797 0.434016823768616 0.0345936864614487 -1.47628557682037 0.439119607210159 0.0524917058646679 -1.49036455154419 0.443307369947433 0.0729114040732384 -1.50082612037659 0.446419149637222 0.00899060629308224 -1.47459673881531 0.285031825304031 0.0199051629751921 -1.49464535713196 0.288907110691071 0.0345936864614487 -1.51221811771393 0.292303830385208 0.0524917058646679 -1.52663969993591 0.295091450214386 0.0729114040732384 -1.53735589981079 0.29716283082962 0.00899060629308224 -1.49543416500092 0.139123558998108 0.0199051629751921 -1.51576614379883 0.141015082597733 0.0345936864614487 -1.53358721733093 0.142673015594482 0.0524917058646679 -1.54821252822876 0.144033640623093 0.0729114040732384 -1.55908012390137 0.145044684410095 0 -1.45669293403625 -3.91857643135631E-15 0.00899060629308224 -1.50189173221588 -5.86457220134486E-14 0.0345936864614487 -1.54020941257477 -1.04940876951773E-13 0.0729114040732384 -1.56581258773804 -1.35858758596417E-13 0.118110239505768 -1.57480311393738 -1.46692391306963E-13 0.118110239505768 1.57480311393738 1.74092477359025E-14 0.0729114040732384 1.56581258773804 5.64971314631797E-14 0.0345936864614487 1.54020941257477 6.76411915844985E-14 0.00899060629308224 1.50189173221588 4.91199861004949E-14 0 1.45667159557343 0.00788004044443369 0 1.45157945156097 0.121948577463627 0 1.43756854534149 0.235267847776413 0 1.41472506523132 0.347141593694687 0 1.38318932056427 0.456882476806641 0 1.34315502643585 0.56381618976593 0 1.29486835002899 0.667285740375519 0 1.2386257648468 0.766655445098877 0 1.17477285861969 0.861314654350281 0 1.10370206832886 0.950681865215302 0 1.02584993839264 1.03420794010162 0 0.941694855690002 1.11137974262238 0 0.851753890514374 1.18172311782837 0 0.756579637527466 1.24480581283569 0 0.65675687789917 1.30024027824402 0 0.552898943424225 1.34768581390381 0 0.445643872022629 1.3868510723114 0 0.335650712251663 1.4174952507019 0 0.223595291376114 1.43943023681641 0 0.110166065394878 1.45252120494843 0 -0.00394003465771675 1.45668756961823 0 -0.118021927773952 1.45190393924713 0 -0.231378674507141 1.43819963932037 0 -0.343313813209534 1.41565883159637 0 -0.453139573335648 1.38442003726959 0 -0.560181200504303 1.3446751832962 0 -0.663780987262726 1.29666841030121 0 -0.763302385807037 1.24069488048553 0 -0.858134031295776 1.17709827423096 0 -0.947693109512329 1.10626935958862 0 -1.03142952919006 1.02864348888397 0 -1.10882866382599 0.944697439670563 0 -1.17941498756409 0.854947090148926 0 -1.24275481700897 0.759943783283234 0 -1.29845905303955 0.660271346569061 0 -1.34618544578552 0.556542098522186 0 -1.3856406211853 0.44939336180687 0 -1.41658222675323 0.339483499526978 0 -1.43882024288177 0.227487817406654 0 -1.45221781730652 0.114094413816929 0 1.45669293403625 3.75319494247081E-15 0.118110239505768 1.57478010654449 0.00851896218955517 0.118110239505768 -1.57061648368835 0.114755660295486 0.118110239505768 -1.55807864665985 0.228901162743568 0.118110239505768 -1.53725647926331 0.341829568147659 0.118110239505768 -1.50826060771942 0.452940434217453 0.118110239505768 -1.4712450504303 0.561643004417419 0.118110239505768 -1.42640686035156 0.667359232902527 0.118110239505768 -1.37398433685303 0.769527077674866 0.118110239505768 -1.31425619125366 0.867603302001953 0.118110239505768 -1.24754011631012 0.961066424846649 0.118110239505768 -1.17419075965881 1.04941940307617 0.118110239505768 -1.09459805488586 1.13219261169434 0.118110239505768 -1.00918531417847 1.20894575119019 0.118110239505768 -0.918406665325165 1.27927100658417 0.118110239505768 -0.822744786739349 1.34279406070709 0.118110239505768 -0.722708284854889 1.39917755126953 0.118110239505768 -0.618829071521759 1.44812142848969 0.118110239505768 -0.511659502983093 1.48936545848846 0.118110239505768 -0.401769399642944 1.52269053459167 0.118110239505768 -0.289743065834045 1.54791927337646 0.118110239505768 -0.176176130771637 1.56491756439209 0.118110239505768 -0.0616724602878094 1.57359504699707 0.118110239505768 0.0531591288745403 1.57390570640564 0.118110239505768 0.167708069086075 1.56584763526917 0.118110239505768 0.281365275382996 1.54946398735046 0.118110239505768 0.393526464700699 1.52484154701233 0.118110239505768 0.503595232963562 1.49211156368256 0.118110239505768 0.610986351966858 1.45144772529602 0.118110239505768 0.715128779411316 1.40306651592255 0.118110239505768 0.815468847751617 1.34722518920898 0.118110239505768 0.911472976207733 1.28422033786774 0.118110239505768 1.00263071060181 1.21438729763031 0.118110239505768 1.08845734596252 1.13809728622437 0.118110239505768 1.16849660873413 1.05575585365295 0.118110239505768 1.24232292175293 0.967800974845886 0.118110239505768 1.30954372882843 0.874700129032135 0.118110239505768 1.36980140209198 0.77694845199585 0.118110239505768 1.42277586460114 0.675065696239471 0.118110239505768 1.4681853055954 0.569593548774719 0.118110239505768 1.50578832626343 0.461092829704285 0.118110239505768 1.53538489341736 0.350140422582626 0.118110239505768 1.55681765079498 0.237326309084892 0.118110239505768 1.56997275352478 0.123250298202038 0.118110239505768 1.57480311393738 1.74092477359025E-14 1.12204718589783 1.57480311393738 1.72844018557407E-14 0.118110239505768 -1.57480311393738 -1.46692391306963E-13 1.12204718589783 -1.57480311393738 5.51833296283357E-17 0.118110239505768 1.57478010654449 0.00851896218955517 0.118110239505768 1.56997275352478 0.123250298202038 0.118110239505768 1.55681765079498 0.237326309084892 0.118110239505768 1.53538489341736 0.350140422582626 0.118110239505768 1.50578832626343 0.461092829704285 0.118110239505768 1.4681853055954 0.569593548774719 0.118110239505768 1.42277586460114 0.675065696239471 0.118110239505768 1.36980140209198 0.77694845199585 0.118110239505768 1.30954372882843 0.874700129032135 0.118110239505768 1.24232292175293 0.967800974845886 0.118110239505768 1.16849660873413 1.05575585365295 0.118110239505768 1.08845734596252 1.13809728622437 0.118110239505768 1.00263071060181 1.21438729763031 0.118110239505768 0.911472976207733 1.28422033786774 0.118110239505768 0.815468847751617 1.34722518920898 0.118110239505768 0.715128779411316 1.40306651592255 0.118110239505768 0.610986351966858 1.45144772529602 0.118110239505768 0.503595232963562 1.49211156368256 0.118110239505768 0.393526464700699 1.52484154701233 0.118110239505768 0.281365275382996 1.54946398735046 0.118110239505768 0.167708069086075 1.56584763526917 0.118110239505768 0.0531591288745403 1.57390570640564 0.118110239505768 -0.0616724602878094 1.57359504699707 0.118110239505768 -0.176176130771637 1.56491756439209 0.118110239505768 -0.289743065834045 1.54791927337646 0.118110239505768 -0.401769399642944 1.52269053459167 0.118110239505768 -0.511659502983093 1.48936545848846 0.118110239505768 -0.618829071521759 1.44812142848969 0.118110239505768 -0.722708284854889 1.39917755126953 0.118110239505768 -0.822744786739349 1.34279406070709 0.118110239505768 -0.918406665325165 1.27927100658417 0.118110239505768 -1.00918531417847 1.20894575119019 0.118110239505768 -1.09459805488586 1.13219261169434 0.118110239505768 -1.17419075965881 1.04941940307617 0.118110239505768 -1.24754011631012 0.961066424846649 0.118110239505768 -1.31425619125366 0.867603302001953 0.118110239505768 -1.37398433685303 0.769527077674866 0.118110239505768 -1.42640686035156 0.667359232902527 0.118110239505768 -1.4712450504303 0.561643004417419 0.118110239505768 -1.50826060771942 0.452940434217453 0.118110239505768 -1.53725647926331 0.341829568147659 0.118110239505768 -1.55807864665985 0.228901162743568 0.118110239505768 -1.57061648368835 0.114755660295486 1.12204718589783 -1.57479178905487 0.00599693739786744 1.12204718589783 -1.57036173343658 0.118190102279186 1.12204718589783 -1.55794894695282 0.229782462120056 1.12204718589783 -1.53761649131775 0.340206742286682 1.12204718589783 -1.50946760177612 0.44890159368515 1.12204718589783 -1.47364544868469 0.555314481258392 1.12204718589783 -1.4303320646286 0.658904492855072 1.12204718589783 -1.37974774837494 0.759144961833954 1.12204718589783 -1.32214963436127 0.855526387691498 1.12204718589783 -1.25783038139343 0.94755882024765 1.12204718589783 -1.18711698055267 1.03477442264557 1.12204718589783 -1.11036908626556 1.11672985553741 1.12204718589783 -1.02797663211823 1.19300842285156 1.12204718589783 -0.940358579158783 1.2632223367691 1.12204718589783 -0.847960233688354 1.32701480388641 1.12204718589783 -0.751251399517059 1.38406157493591 1.12204718589783 -0.650723576545715 1.43407249450684 1.12204718589783 -0.546887874603271 1.47679340839386 1.12204718589783 -0.440272092819214 1.51200711727142 1.12204718589783 -0.331418216228485 1.53953468799591 1.12204718589783 -0.220879599452019 1.5592360496521 1.12204718589783 -0.109218165278435 1.57101130485535 1.12204718589783 0.00299847428686917 1.57480025291443 1.12204718589783 0.115199871361256 1.57058393955231 1.12204718589783 0.226815655827522 1.55838370323181 1.12204718589783 0.337278455495834 1.53826141357422 1.12204718589783 0.446026712656021 1.51031959056854 1.12204718589783 0.552507638931274 1.47470009326935 1.12204718589783 0.656179904937744 1.43158400058746 1.12204718589783 0.756516516208649 1.38119065761566 1.12204718589783 0.853007435798645 1.3237761259079 1.12204718589783 0.945162177085876 1.25963222980499 1.12204718589783 1.03251218795776 1.18908512592316 1.12204718589783 1.11461365222931 1.11249339580536 1.12204718589783 1.19104886054993 1.03024625778198 1.12204718589783 1.26142954826355 0.942762076854706 1.12204718589783 1.32539784908295 0.850485384464264 1.12204718589783 1.38262856006622 0.753885328769684 1.12204718589783 1.43283081054688 0.653452932834625 1.12204718589783 1.47574937343597 0.549698710441589 1.12204718589783 1.51116609573364 0.443150192499161 1.12204718589783 1.53890085220337 0.334348946809769 1.12204718589783 1.5588127374649 0.223848044872284 1.12204718589783 1.57080042362213 0.112209223210812 0.62007874250412 -1.57480311393738 -7.33186027081917E-14 0.62007874250412 1.57480311393738 1.73468247958216E-14 1.16724610328674 1.5588458776474 0.147541359066963 1.18766582012177 1.54797983169556 0.146512925624847 1.20556378364563 1.53335666656494 0.14512887597084 1.22025227546692 1.5155383348465 0.143442407250404 1.23116683959961 1.49520945549011 0.141518324613571 1.16724610328674 1.53687798976898 0.299624532461166 1.18766582012177 1.52616512775421 0.297535985708237 1.20556378364563 1.51174807548523 0.294725269079208 1.22025227546692 1.49418079853058 0.291300415992737 1.23116683959961 1.47413837909698 0.287393033504486 1.16724610328674 1.50010919570923 0.448822140693665 1.18766582012177 1.48965263366699 0.445693612098694 1.20556378364563 1.47558045387268 0.441483318805695 1.22025227546692 1.45843350887299 0.43635305762291 1.23116683959961 1.43887054920197 0.430499970912933 1.16724610328674 1.44889354705811 0.593697369098663 1.18766582012177 1.43879389762878 0.589558959007263 1.20556378364563 1.42520225048065 0.58398962020874 1.22025227546692 1.40864062309265 0.577203392982483 1.23116683959961 1.38974571228027 0.569460988044739 1.16724610328674 1.38372421264648 0.732854962348938 1.18766582012177 1.37407886981964 0.727746546268463 1.20556378364563 1.36109840869904 0.720871806144714 1.22025227546692 1.34528183937073 0.712494909763336 1.23116683959961 1.32723677158356 0.70293778181076 1.16724610328674 1.30522882938385 0.864954710006714 1.18766582012177 1.29613065719604 0.858925521373749 1.20556378364563 1.28388655185699 0.85081160068512 1.22025227546692 1.26896715164185 0.840924739837646 1.23116683959961 1.25194573402405 0.829644858837128 1.16724610328674 1.21416342258453 0.988724529743195 1.18766582012177 1.20570003986359 0.981832563877106 1.20556378364563 1.19431018829346 0.972557604312897 1.22025227546692 1.18043172359467 0.961255967617035 1.23116683959961 1.16459786891937 0.948362052440643 1.16724610328674 1.11140489578247 1.10297238826752 1.18766582012177 1.10365784168243 1.09528410434723 1.20556378364563 1.0932320356369 1.08493733406067 1.22025227546692 1.08052802085876 1.07232975959778 1.23116683959961 1.0660343170166 1.05794596672058 1.16724610328674 0.997942984104156 1.20659804344177 1.18766582012177 0.990986764431 1.19818735122681 1.20556378364563 0.981625318527222 1.18686854839325 1.22025227546692 0.970218360424042 1.17307651042938 1.23116683959961 0.957204222679138 1.15734136104584 1.16724610328674 0.874870359897614 1.2986034154892 1.18766582012177 0.868772029876709 1.28955149650574 1.20556378364563 0.860565066337585 1.27736949920654 1.22025227546692 0.85056483745575 1.26252591609955 1.23116683959961 0.839155733585358 1.24559080600739 1.16724610328674 0.743372201919556 1.37810254096985 1.18766582012177 0.738190472126007 1.36849641799927 1.20556378364563 0.731217086315155 1.35556876659393 1.22025227546692 0.722719967365265 1.3398163318634 1.23116683959961 0.713025689125061 1.32184457778931 1.16724610328674 0.60471498966217 1.44432985782623 1.18766582012177 0.6004998087883 1.43426203727722 1.20556378364563 0.594827115535736 1.42071318626404 1.22025227546692 0.587914943695068 1.40420377254486 1.23116683959961 0.580028831958771 1.38536834716797 1.16724610328674 0.460234045982361 1.49664747714996 1.18766582012177 0.457025974988937 1.48621499538422 1.20556378364563 0.452708601951599 1.47217524051666 1.22025227546692 0.447447896003723 1.4550678730011 1.23116683959961 0.441446006298065 1.43555009365082 1.16724610328674 0.311320781707764 1.53455150127411 1.18766582012177 0.309150725603104 1.52385485172272 1.20556378364563 0.306230276823044 1.50945961475372 1.22025227546692 0.302671730518341 1.49191892147064 1.23116683959961 0.29861181974411 1.47190690040588 1.16724610328674 0.15940934419632 1.55767703056335 1.18766582012177 0.158298179507256 1.5468190908432 1.20556378364563 0.156802788376808 1.53220689296722 1.22025227546692 0.154980659484863 1.51440191268921 1.23116683959961 0.152901813387871 1.49408829212189 1.16724610328674 0.00596270058304071 1.56580114364624 1.18766582012177 0.00592113751918077 1.55488669872284 1.20556378364563 0.00586520275101066 1.54019832611084 1.22025227546692 0.00579704623669386 1.52230036258698 1.23116683959961 0.0057192868553102 1.50188088417053 1.16724610328674 -0.147541359066963 1.5588458776474 1.18766582012177 -0.146512925624847 1.54797983169556 1.20556378364563 -0.14512887597084 1.53335666656494 1.22025227546692 -0.143442407250404 1.5155383348465 1.23116683959961 -0.141518324613571 1.49520945549011 1.16724610328674 -0.299624532461166 1.53687798976898 1.18766582012177 -0.297535985708237 1.52616512775421 1.20556378364563 -0.294725269079208 1.51174807548523 1.22025227546692 -0.291300415992737 1.49418079853058 1.23116683959961 -0.287393033504486 1.47413837909698 1.16724610328674 -0.448822140693665 1.50010919570923 1.18766582012177 -0.445693612098694 1.48965263366699 1.20556378364563 -0.441483318805695 1.47558045387268 1.22025227546692 -0.43635305762291 1.45843350887299 1.23116683959961 -0.430499970912933 1.43887054920197 1.16724610328674 -0.593697369098663 1.44889354705811 1.18766582012177 -0.589558959007263 1.43879389762878 1.20556378364563 -0.58398962020874 1.42520225048065 1.22025227546692 -0.577203392982483 1.40864062309265 1.23116683959961 -0.569460988044739 1.38974571228027 1.16724610328674 -0.732854962348938 1.38372421264648 1.18766582012177 -0.727746546268463 1.37407886981964 1.20556378364563 -0.720871806144714 1.36109840869904 1.22025227546692 -0.712494909763336 1.34528183937073 1.23116683959961 -0.70293778181076 1.32723677158356 1.16724610328674 -0.864954710006714 1.30522882938385 1.18766582012177 -0.858925521373749 1.29613065719604 1.20556378364563 -0.85081160068512 1.28388655185699 1.22025227546692 -0.840924739837646 1.26896715164185 1.23116683959961 -0.829644858837128 1.25194573402405 1.16724610328674 -0.988724529743195 1.21416342258453 1.18766582012177 -0.981832563877106 1.20570003986359 1.20556378364563 -0.972557604312897 1.19431018829346 1.22025227546692 -0.961255967617035 1.18043172359467 1.23116683959961 -0.948362052440643 1.16459786891937 1.16724610328674 -1.10297238826752 1.11140489578247 1.18766582012177 -1.09528410434723 1.10365784168243 1.20556378364563 -1.08493733406067 1.0932320356369 1.22025227546692 -1.07232975959778 1.08052802085876 1.23116683959961 -1.05794596672058 1.0660343170166 1.16724610328674 -1.20659804344177 0.997942984104156 1.18766582012177 -1.19818735122681 0.990986764431 1.20556378364563 -1.18686854839325 0.981625318527222 1.22025227546692 -1.17307651042938 0.970218360424042 1.23116683959961 -1.15734136104584 0.957204222679138 1.16724610328674 -1.2986034154892 0.874870359897614 1.18766582012177 -1.28955149650574 0.868772029876709 1.20556378364563 -1.27736949920654 0.860565066337585 1.22025227546692 -1.26252591609955 0.85056483745575 1.23116683959961 -1.24559080600739 0.839155733585358 1.16724610328674 -1.37810254096985 0.743372201919556 1.18766582012177 -1.36849641799927 0.738190472126007 1.20556378364563 -1.35556876659393 0.731217086315155 1.22025227546692 -1.3398163318634 0.722719967365265 1.23116683959961 -1.32184457778931 0.713025689125061 1.16724610328674 -1.44432985782623 0.60471498966217 1.18766582012177 -1.43426203727722 0.6004998087883 1.20556378364563 -1.42071318626404 0.594827115535736 1.22025227546692 -1.40420377254486 0.587914943695068 1.23116683959961 -1.38536834716797 0.580028831958771 1.16724610328674 -1.49664747714996 0.460234045982361 1.18766582012177 -1.48621499538422 0.457025974988937 1.20556378364563 -1.47217524051666 0.452708601951599 1.22025227546692 -1.4550678730011 0.447447896003723 1.23116683959961 -1.43555009365082 0.441446006298065 1.16724610328674 -1.53455150127411 0.311320781707764 1.18766582012177 -1.52385485172272 0.309150725603104 1.20556378364563 -1.50945961475372 0.306230276823044 1.22025227546692 -1.49191892147064 0.302671730518341 1.23116683959961 -1.47190690040588 0.29861181974411 1.16724610328674 -1.55767703056335 0.15940934419632 1.18766582012177 -1.5468190908432 0.158298179507256 1.20556378364563 -1.53220689296722 0.156802788376808 1.22025227546692 -1.51440191268921 0.154980659484863 1.23116683959961 -1.49408829212189 0.152901813387871 1.12204718589783 -1.57479178905487 0.00599693739786744 1.12204718589783 -1.57480311393738 5.51833296283357E-17 1.12204718589783 1.57480311393738 1.72844018557407E-14 1.12204718589783 1.57080042362213 0.112209223210812 1.12204718589783 1.5588127374649 0.223848044872284 1.12204718589783 1.53890085220337 0.334348946809769 1.12204718589783 1.51116609573364 0.443150192499161 1.12204718589783 1.47574937343597 0.549698710441589 1.12204718589783 1.43283081054688 0.653452932834625 1.12204718589783 1.38262856006622 0.753885328769684 1.12204718589783 1.32539784908295 0.850485384464264 1.12204718589783 1.26142954826355 0.942762076854706 1.12204718589783 1.19104886054993 1.03024625778198 1.12204718589783 1.11461365222931 1.11249339580536 1.12204718589783 1.03251218795776 1.18908512592316 1.12204718589783 0.945162177085876 1.25963222980499 1.12204718589783 0.853007435798645 1.3237761259079 1.12204718589783 0.756516516208649 1.38119065761566 1.12204718589783 0.656179904937744 1.43158400058746 1.12204718589783 0.552507638931274 1.47470009326935 1.12204718589783 0.446026712656021 1.51031959056854 1.12204718589783 0.337278455495834 1.53826141357422 1.12204718589783 0.226815655827522 1.55838370323181 1.12204718589783 0.115199871361256 1.57058393955231 1.12204718589783 0.00299847428686917 1.57480025291443 1.12204718589783 -0.109218165278435 1.57101130485535 1.12204718589783 -0.220879599452019 1.5592360496521 1.12204718589783 -0.331418216228485 1.53953468799591 1.12204718589783 -0.440272092819214 1.51200711727142 1.12204718589783 -0.546887874603271 1.47679340839386 1.12204718589783 -0.650723576545715 1.43407249450684 1.12204718589783 -0.751251399517059 1.38406157493591 1.12204718589783 -0.847960233688354 1.32701480388641 1.12204718589783 -0.940358579158783 1.2632223367691 1.12204718589783 -1.02797663211823 1.19300842285156 1.12204718589783 -1.11036908626556 1.11672985553741 1.12204718589783 -1.18711698055267 1.03477442264557 1.12204718589783 -1.25783038139343 0.94755882024765 1.12204718589783 -1.32214963436127 0.855526387691498 1.12204718589783 -1.37974774837494 0.759144961833954 1.12204718589783 -1.4303320646286 0.658904492855072 1.12204718589783 -1.47364544868469 0.555314481258392 1.12204718589783 -1.50946760177612 0.44890159368515 1.12204718589783 -1.53761649131775 0.340206742286682 1.12204718589783 -1.55794894695282 0.229782462120056 1.12204718589783 -1.57036173343658 0.118190102279186 1.24015748500824 -1.45668232440948 0.00554716726765037 1.24015748500824 -1.4519944190979 0.116903975605965 1.24015748500824 -1.43880617618561 0.227576404809952 1.24015748500824 -1.41719496250153 0.336916565895081 1.24015748500824 -1.38728713989258 0.444284349679947 1.24015748500824 -1.3492579460144 0.549051225185394 1.24015748500824 -1.3033299446106 0.650603830814362 1.24015748500824 -1.24977195262909 0.748347699642181 1.24015748500824 -1.18889760971069 0.841710567474365 1.24015748500824 -1.12106323242188 0.930145919322968 1.24015748500824 -1.04666590690613 1.01313602924347 1.24015748500824 -0.966141283512115 1.09019505977631 1.24015748500824 -0.879960656166077 1.16087186336517 1.24015748500824 -0.78862851858139 1.22475278377533 1.24015748500824 -0.692679643630981 1.28146362304688 1.24015748500824 -0.592675685882568 1.33067262172699 1.24015748500824 -0.48920214176178 1.37209165096283 1.24015748500824 -0.382864654064178 1.40547811985016 1.24015748500824 -0.274285823106766 1.43063676357269 1.24015748500824 -0.164101287722588 1.44742012023926 1.24015748500824 -0.0529560633003712 1.45573008060455 1.24015748500824 0.0584991797804832 1.45551776885986 1.24015748500824 0.16961196064949 1.44678473472595 1.24015748500824 0.279731780290604 1.42958188056946 1.24015748500824 0.388214021921158 1.40401005744934 1.24015748500824 0.494423568248749 1.3702187538147 1.24015748500824 0.597738683223724 1.32840609550476 1.24015748500824 0.697554528713226 1.2788165807724 1.24015748500824 0.793286740779877 1.22174072265625 1.24015748500824 0.884374916553497 1.15751254558563 1.24015748500824 0.970285773277283 1.08650803565979 1.24015748500824 1.05051648616791 1.00914287567139 1.24015748500824 1.12459719181061 0.92587012052536 1.24015748500824 1.19209432601929 0.837177097797394 1.24015748500824 1.25261270999908 0.743583023548126 1.24015748500824 1.30579805374146 0.645635962486267 1.24015748500824 1.35133898258209 0.543909192085266 1.24015748500824 1.38896894454956 0.438998252153397 1.24015748500824 1.41846764087677 0.331517368555069 1.24015748500824 1.43966233730316 0.22209569811821 1.24015748500824 1.4524290561676 0.111373856663704 1.24015748500824 1.45669293403625 -3.89452238972019E-15 1.24015748500824 -1.45669293403625 3.99874937036335E-15 1.16724610328674 -1.56581258773804 2.49542513118105E-14 1.20556378364563 -1.54020941257477 3.44547083734863E-14 1.23116683959961 -1.50189173221588 2.71101924139957E-14 1.23116683959961 1.50189173221588 -2.59070922267041E-14 1.20556378364563 1.54020941257477 -2.96106285920927E-14 1.16724610328674 1.56581258773804 -1.44412968047661E-14 1.18766582012177 -1.55488669872284 0.00592113751918077 1.20556378364563 -1.54019832611084 0.00586520275101066 1.22025227546692 -1.52230036258698 0.00579704623669386 1.23116683959961 -1.50188088417053 0.0057192868553102 1.24015748500824 1.45669293403625 -3.89452238972019E-15 1.24015748500824 1.4524290561676 0.111373856663704 1.24015748500824 1.43966233730316 0.22209569811821 1.24015748500824 1.41846764087677 0.331517368555069 1.24015748500824 1.38896894454956 0.438998252153397 1.24015748500824 1.35133898258209 0.543909192085266 1.24015748500824 1.30579805374146 0.645635962486267 1.24015748500824 1.25261270999908 0.743583023548126 1.24015748500824 1.19209432601929 0.837177097797394 1.24015748500824 1.12459719181061 0.92587012052536 1.24015748500824 1.05051648616791 1.00914287567139 1.24015748500824 0.970285773277283 1.08650803565979 1.24015748500824 0.884374916553497 1.15751254558563 1.24015748500824 0.793286740779877 1.22174072265625 1.24015748500824 0.697554528713226 1.2788165807724 1.24015748500824 0.597738683223724 1.32840609550476 1.24015748500824 0.494423568248749 1.3702187538147 1.24015748500824 0.388214021921158 1.40401005744934 1.24015748500824 0.279731780290604 1.42958188056946 1.24015748500824 0.16961196064949 1.44678473472595 1.24015748500824 0.0584991797804832 1.45551776885986 1.24015748500824 -0.0529560633003712 1.45573008060455 1.24015748500824 -0.164101287722588 1.44742012023926 1.24015748500824 -0.274285823106766 1.43063676357269 1.24015748500824 -0.382864654064178 1.40547811985016 1.24015748500824 -0.48920214176178 1.37209165096283 1.24015748500824 -0.592675685882568 1.33067262172699 1.24015748500824 -0.692679643630981 1.28146362304688 1.24015748500824 -0.78862851858139 1.22475278377533 1.24015748500824 -0.879960656166077 1.16087186336517 1.24015748500824 -0.966141283512115 1.09019505977631 1.24015748500824 -1.04666590690613 1.01313602924347 1.24015748500824 -1.12106323242188 0.930145919322968 1.24015748500824 -1.18889760971069 0.841710567474365 1.24015748500824 -1.24977195262909 0.748347699642181 1.24015748500824 -1.3033299446106 0.650603830814362 1.24015748500824 -1.3492579460144 0.549051225185394 1.24015748500824 -1.38728713989258 0.444284349679947 1.24015748500824 -1.41719496250153 0.336916565895081 1.24015748500824 -1.43880617618561 0.227576404809952 1.24015748500824 -1.4519944190979 0.116903975605965 1.24015748500824 -1.45668232440948 0.00554716726765037 1.24015748500824 -1.45669293403625 3.99874937036335E-15 1.24015748500824 -1.4524290561676 -0.111373856663704 1.24015748500824 -1.43966233730316 -0.22209569811821 1.24015748500824 -1.41846764087677 -0.331517368555069 1.24015748500824 -1.38896894454956 -0.438998252153397 1.24015748500824 -1.35133898258209 -0.543909192085266 1.24015748500824 -1.30579805374146 -0.645635962486267 1.24015748500824 -1.25261270999908 -0.743583023548126 1.24015748500824 -1.19209432601929 -0.837177097797394 1.24015748500824 -1.12459719181061 -0.92587012052536 1.24015748500824 -1.05051648616791 -1.00914287567139 1.24015748500824 -0.970285773277283 -1.08650803565979 1.24015748500824 -0.884374916553497 -1.15751254558563 1.24015748500824 -0.793286740779877 -1.22174072265625 1.24015748500824 -0.697554528713226 -1.2788165807724 1.24015748500824 -0.597738683223724 -1.32840609550476 1.24015748500824 -0.494423568248749 -1.3702187538147 1.24015748500824 -0.388214021921158 -1.40401005744934 1.24015748500824 -0.279731780290604 -1.42958188056946 1.24015748500824 -0.16961196064949 -1.44678473472595 1.24015748500824 -0.0584991797804832 -1.45551776885986 1.24015748500824 0.0529560633003712 -1.45573008060455 1.24015748500824 0.164101287722588 -1.44742012023926 1.24015748500824 0.274285823106766 -1.43063676357269 1.24015748500824 0.382864654064178 -1.40547811985016 1.24015748500824 0.48920214176178 -1.37209165096283 1.24015748500824 0.592675685882568 -1.33067262172699 1.24015748500824 0.692679643630981 -1.28146362304688 1.24015748500824 0.78862851858139 -1.22475278377533 1.24015748500824 0.879960656166077 -1.16087186336517 1.24015748500824 0.966141283512115 -1.09019505977631 1.24015748500824 1.04666590690613 -1.01313602924347 1.24015748500824 1.12106323242188 -0.930145919322968 1.24015748500824 1.18889760971069 -0.841710567474365 1.24015748500824 1.24977195262909 -0.748347699642181 1.24015748500824 1.3033299446106 -0.650603830814362 1.24015748500824 1.3492579460144 -0.549051225185394 1.24015748500824 1.38728713989258 -0.444284349679947 1.24015748500824 1.41719496250153 -0.336916565895081 1.24015748500824 1.43880617618561 -0.227576404809952 1.24015748500824 1.4519944190979 -0.116903975605965 1.24015748500824 1.45668232440948 -0.00554716726765037 1.16724610328674 -1.5588458776474 -0.147541359066963 1.18766582012177 -1.54797983169556 -0.146512925624847 1.20556378364563 -1.53335666656494 -0.14512887597084 1.22025227546692 -1.5155383348465 -0.143442407250404 1.23116683959961 -1.49520945549011 -0.141518324613571 1.16724610328674 -1.53687798976898 -0.299624532461166 1.18766582012177 -1.52616512775421 -0.297535985708237 1.20556378364563 -1.51174807548523 -0.294725269079208 1.22025227546692 -1.49418079853058 -0.291300415992737 1.23116683959961 -1.47413837909698 -0.287393033504486 1.16724610328674 -1.50010919570923 -0.448822140693665 1.18766582012177 -1.48965263366699 -0.445693612098694 1.20556378364563 -1.47558045387268 -0.441483318805695 1.22025227546692 -1.45843350887299 -0.43635305762291 1.23116683959961 -1.43887054920197 -0.430499970912933 1.16724610328674 -1.44889354705811 -0.593697369098663 1.18766582012177 -1.43879389762878 -0.589558959007263 1.20556378364563 -1.42520225048065 -0.58398962020874 1.22025227546692 -1.40864062309265 -0.577203392982483 1.23116683959961 -1.38974571228027 -0.569460988044739 1.16724610328674 -1.38372421264648 -0.732854962348938 1.18766582012177 -1.37407886981964 -0.727746546268463 1.20556378364563 -1.36109840869904 -0.720871806144714 1.22025227546692 -1.34528183937073 -0.712494909763336 1.23116683959961 -1.32723677158356 -0.70293778181076 1.16724610328674 -1.30522882938385 -0.864954710006714 1.18766582012177 -1.29613065719604 -0.858925521373749 1.20556378364563 -1.28388655185699 -0.85081160068512 1.22025227546692 -1.26896715164185 -0.840924739837646 1.23116683959961 -1.25194573402405 -0.829644858837128 1.16724610328674 -1.21416342258453 -0.988724529743195 1.18766582012177 -1.20570003986359 -0.981832563877106 1.20556378364563 -1.19431018829346 -0.972557604312897 1.22025227546692 -1.18043172359467 -0.961255967617035 1.23116683959961 -1.16459786891937 -0.948362052440643 1.16724610328674 -1.11140489578247 -1.10297238826752 1.18766582012177 -1.10365784168243 -1.09528410434723 1.20556378364563 -1.0932320356369 -1.08493733406067 1.22025227546692 -1.08052802085876 -1.07232975959778 1.23116683959961 -1.0660343170166 -1.05794596672058 1.16724610328674 -0.997942984104156 -1.20659804344177 1.18766582012177 -0.990986764431 -1.19818735122681 1.20556378364563 -0.981625318527222 -1.18686854839325 1.22025227546692 -0.970218360424042 -1.17307651042938 1.23116683959961 -0.957204222679138 -1.15734136104584 1.16724610328674 -0.874870359897614 -1.2986034154892 1.18766582012177 -0.868772029876709 -1.28955149650574 1.20556378364563 -0.860565066337585 -1.27736949920654 1.22025227546692 -0.85056483745575 -1.26252591609955 1.23116683959961 -0.839155733585358 -1.24559080600739 1.16724610328674 -0.743372201919556 -1.37810254096985 1.18766582012177 -0.738190472126007 -1.36849641799927 1.20556378364563 -0.731217086315155 -1.35556876659393 1.22025227546692 -0.722719967365265 -1.3398163318634 1.23116683959961 -0.713025689125061 -1.32184457778931 1.16724610328674 -0.60471498966217 -1.44432985782623 1.18766582012177 -0.6004998087883 -1.43426203727722 1.20556378364563 -0.594827115535736 -1.42071318626404 1.22025227546692 -0.587914943695068 -1.40420377254486 1.23116683959961 -0.580028831958771 -1.38536834716797 1.16724610328674 -0.460234045982361 -1.49664747714996 1.18766582012177 -0.457025974988937 -1.48621499538422 1.20556378364563 -0.452708601951599 -1.47217524051666 1.22025227546692 -0.447447896003723 -1.4550678730011 1.23116683959961 -0.441446006298065 -1.43555009365082 1.16724610328674 -0.311320781707764 -1.53455150127411 1.18766582012177 -0.309150725603104 -1.52385485172272 1.20556378364563 -0.306230276823044 -1.50945961475372 1.22025227546692 -0.302671730518341 -1.49191892147064 1.23116683959961 -0.29861181974411 -1.47190690040588 1.16724610328674 -0.15940934419632 -1.55767703056335 1.18766582012177 -0.158298179507256 -1.5468190908432 1.20556378364563 -0.156802788376808 -1.53220689296722 1.22025227546692 -0.154980659484863 -1.51440191268921 1.23116683959961 -0.152901813387871 -1.49408829212189 1.16724610328674 -0.00596270058304071 -1.56580114364624 1.18766582012177 -0.00592113751918077 -1.55488669872284 1.20556378364563 -0.00586520275101066 -1.54019832611084 1.22025227546692 -0.00579704623669386 -1.52230036258698 1.23116683959961 -0.0057192868553102 -1.50188088417053 1.16724610328674 0.147541359066963 -1.5588458776474 1.18766582012177 0.146512925624847 -1.54797983169556 1.20556378364563 0.14512887597084 -1.53335666656494 1.22025227546692 0.143442407250404 -1.5155383348465 1.23116683959961 0.141518324613571 -1.49520945549011 1.16724610328674 0.299624532461166 -1.53687798976898 1.18766582012177 0.297535985708237 -1.52616512775421 1.20556378364563 0.294725269079208 -1.51174807548523 1.22025227546692 0.291300415992737 -1.49418079853058 1.23116683959961 0.287393033504486 -1.47413837909698 1.16724610328674 0.448822140693665 -1.50010919570923 1.18766582012177 0.445693612098694 -1.48965263366699 1.20556378364563 0.441483318805695 -1.47558045387268 1.22025227546692 0.43635305762291 -1.45843350887299 1.23116683959961 0.430499970912933 -1.43887054920197 1.16724610328674 0.593697369098663 -1.44889354705811 1.18766582012177 0.589558959007263 -1.43879389762878 1.20556378364563 0.58398962020874 -1.42520225048065 1.22025227546692 0.577203392982483 -1.40864062309265 1.23116683959961 0.569460988044739 -1.38974571228027 1.16724610328674 0.732854962348938 -1.38372421264648 1.18766582012177 0.727746546268463 -1.37407886981964 1.20556378364563 0.720871806144714 -1.36109840869904 1.22025227546692 0.712494909763336 -1.34528183937073 1.23116683959961 0.70293778181076 -1.32723677158356 1.16724610328674 0.864954710006714 -1.30522882938385 1.18766582012177 0.858925521373749 -1.29613065719604 1.20556378364563 0.85081160068512 -1.28388655185699 1.22025227546692 0.840924739837646 -1.26896715164185 1.23116683959961 0.829644858837128 -1.25194573402405 1.16724610328674 0.988724529743195 -1.21416342258453 1.18766582012177 0.981832563877106 -1.20570003986359 1.20556378364563 0.972557604312897 -1.19431018829346 1.22025227546692 0.961255967617035 -1.18043172359467 1.23116683959961 0.948362052440643 -1.16459786891937 1.16724610328674 1.10297238826752 -1.11140489578247 1.18766582012177 1.09528410434723 -1.10365784168243 1.20556378364563 1.08493733406067 -1.0932320356369 1.22025227546692 1.07232975959778 -1.08052802085876 1.23116683959961 1.05794596672058 -1.0660343170166 1.16724610328674 1.20659804344177 -0.997942984104156 1.18766582012177 1.19818735122681 -0.990986764431 1.20556378364563 1.18686854839325 -0.981625318527222 1.22025227546692 1.17307651042938 -0.970218360424042 1.23116683959961 1.15734136104584 -0.957204222679138 1.16724610328674 1.2986034154892 -0.874870359897614 1.18766582012177 1.28955149650574 -0.868772029876709 1.20556378364563 1.27736949920654 -0.860565066337585 1.22025227546692 1.26252591609955 -0.85056483745575 1.23116683959961 1.24559080600739 -0.839155733585358 1.16724610328674 1.37810254096985 -0.743372201919556 1.18766582012177 1.36849641799927 -0.738190472126007 1.20556378364563 1.35556876659393 -0.731217086315155 1.22025227546692 1.3398163318634 -0.722719967365265 1.23116683959961 1.32184457778931 -0.713025689125061 1.16724610328674 1.44432985782623 -0.60471498966217 1.18766582012177 1.43426203727722 -0.6004998087883 1.20556378364563 1.42071318626404 -0.594827115535736 1.22025227546692 1.40420377254486 -0.587914943695068 1.23116683959961 1.38536834716797 -0.580028831958771 1.16724610328674 1.49664747714996 -0.460234045982361 1.18766582012177 1.48621499538422 -0.457025974988937 1.20556378364563 1.47217524051666 -0.452708601951599 1.22025227546692 1.4550678730011 -0.447447896003723 1.23116683959961 1.43555009365082 -0.441446006298065 1.16724610328674 1.53455150127411 -0.311320781707764 1.18766582012177 1.52385485172272 -0.309150725603104 1.20556378364563 1.50945961475372 -0.306230276823044 1.22025227546692 1.49191892147064 -0.302671730518341 1.23116683959961 1.47190690040588 -0.29861181974411 1.16724610328674 1.55767703056335 -0.15940934419632 1.18766582012177 1.5468190908432 -0.158298179507256 1.20556378364563 1.53220689296722 -0.156802788376808 1.22025227546692 1.51440191268921 -0.154980659484863 1.23116683959961 1.49408829212189 -0.152901813387871 1.12204718589783 1.57479178905487 -0.00599693739786744 1.12204718589783 1.57480311393738 1.72844018557407E-14 1.24015748500824 -1.45669293403625 3.99874937036335E-15 1.23116683959961 -1.50189173221588 2.71101924139957E-14 1.20556378364563 -1.54020941257477 3.44547083734863E-14 1.16724610328674 -1.56581258773804 2.49542513118105E-14 1.12204718589783 -1.57480311393738 5.51833296283357E-17 1.16724610328674 1.56581258773804 -1.44412968047661E-14 1.20556378364563 1.54020941257477 -2.96106285920927E-14 1.23116683959961 1.50189173221588 -2.59070922267041E-14 1.24015748500824 1.45668232440948 -0.00554716726765037 1.24015748500824 1.4519944190979 -0.116903975605965 1.24015748500824 1.43880617618561 -0.227576404809952 1.24015748500824 1.41719496250153 -0.336916565895081 1.24015748500824 1.38728713989258 -0.444284349679947 1.24015748500824 1.3492579460144 -0.549051225185394 1.24015748500824 1.3033299446106 -0.650603830814362 1.24015748500824 1.24977195262909 -0.748347699642181 1.24015748500824 1.18889760971069 -0.841710567474365 1.24015748500824 1.12106323242188 -0.930145919322968 1.24015748500824 1.04666590690613 -1.01313602924347 1.24015748500824 0.966141283512115 -1.09019505977631 1.24015748500824 0.879960656166077 -1.16087186336517 1.24015748500824 0.78862851858139 -1.22475278377533 1.24015748500824 0.692679643630981 -1.28146362304688 1.24015748500824 0.592675685882568 -1.33067262172699 1.24015748500824 0.48920214176178 -1.37209165096283 1.24015748500824 0.382864654064178 -1.40547811985016 1.24015748500824 0.274285823106766 -1.43063676357269 1.24015748500824 0.164101287722588 -1.44742012023926 1.24015748500824 0.0529560633003712 -1.45573008060455 1.24015748500824 -0.0584991797804832 -1.45551776885986 1.24015748500824 -0.16961196064949 -1.44678473472595 1.24015748500824 -0.279731780290604 -1.42958188056946 1.24015748500824 -0.388214021921158 -1.40401005744934 1.24015748500824 -0.494423568248749 -1.3702187538147 1.24015748500824 -0.597738683223724 -1.32840609550476 1.24015748500824 -0.697554528713226 -1.2788165807724 1.24015748500824 -0.793286740779877 -1.22174072265625 1.24015748500824 -0.884374916553497 -1.15751254558563 1.24015748500824 -0.970285773277283 -1.08650803565979 1.24015748500824 -1.05051648616791 -1.00914287567139 1.24015748500824 -1.12459719181061 -0.92587012052536 1.24015748500824 -1.19209432601929 -0.837177097797394 1.24015748500824 -1.25261270999908 -0.743583023548126 1.24015748500824 -1.30579805374146 -0.645635962486267 1.24015748500824 -1.35133898258209 -0.543909192085266 1.24015748500824 -1.38896894454956 -0.438998252153397 1.24015748500824 -1.41846764087677 -0.331517368555069 1.24015748500824 -1.43966233730316 -0.22209569811821 1.24015748500824 -1.4524290561676 -0.111373856663704 1.24015748500824 1.45669293403625 -3.89452238972019E-15 1.12204718589783 -1.57080042362213 -0.112209223210812 1.12204718589783 -1.5588127374649 -0.223848044872284 1.12204718589783 -1.53890085220337 -0.334348946809769 1.12204718589783 -1.51116609573364 -0.443150192499161 1.12204718589783 -1.47574937343597 -0.549698710441589 1.12204718589783 -1.43283081054688 -0.653452932834625 1.12204718589783 -1.38262856006622 -0.753885328769684 1.12204718589783 -1.32539784908295 -0.850485384464264 1.12204718589783 -1.26142954826355 -0.942762076854706 1.12204718589783 -1.19104886054993 -1.03024625778198 1.12204718589783 -1.11461365222931 -1.11249339580536 1.12204718589783 -1.03251218795776 -1.18908512592316 1.12204718589783 -0.945162177085876 -1.25963222980499 1.12204718589783 -0.853007435798645 -1.3237761259079 1.12204718589783 -0.756516516208649 -1.38119065761566 1.12204718589783 -0.656179904937744 -1.43158400058746 1.12204718589783 -0.552507638931274 -1.47470009326935 1.12204718589783 -0.446026712656021 -1.51031959056854 1.12204718589783 -0.337278455495834 -1.53826141357422 1.12204718589783 -0.226815655827522 -1.55838370323181 1.12204718589783 -0.115199871361256 -1.57058393955231 1.12204718589783 -0.00299847428686917 -1.57480025291443 1.12204718589783 0.109218165278435 -1.57101130485535 1.12204718589783 0.220879599452019 -1.5592360496521 1.12204718589783 0.331418216228485 -1.53953468799591 1.12204718589783 0.440272092819214 -1.51200711727142 1.12204718589783 0.546887874603271 -1.47679340839386 1.12204718589783 0.650723576545715 -1.43407249450684 1.12204718589783 0.751251399517059 -1.38406157493591 1.12204718589783 0.847960233688354 -1.32701480388641 1.12204718589783 0.940358579158783 -1.2632223367691 1.12204718589783 1.02797663211823 -1.19300842285156 1.12204718589783 1.11036908626556 -1.11672985553741 1.12204718589783 1.18711698055267 -1.03477442264557 1.12204718589783 1.25783038139343 -0.94755882024765 1.12204718589783 1.32214963436127 -0.855526387691498 1.12204718589783 1.37974774837494 -0.759144961833954 1.12204718589783 1.4303320646286 -0.658904492855072 1.12204718589783 1.47364544868469 -0.555314481258392 1.12204718589783 1.50946760177612 -0.44890159368515 1.12204718589783 1.53761649131775 -0.340206742286682 1.12204718589783 1.55794894695282 -0.229782462120056 1.12204718589783 1.57036173343658 -0.118190102279186 1.18766582012177 1.55488669872284 -0.00592113751918077 1.20556378364563 1.54019832611084 -0.00586520275101066 1.22025227546692 1.52230036258698 -0.00579704623669386 1.23116683959961 1.50188088417053 -0.0057192868553102 0.118110239505768 -1.57480311393738 -1.46692391306963E-13 1.12204718589783 -1.57480311393738 5.51833296283357E-17 0.118110239505768 1.57480311393738 1.74092477359025E-14 1.12204718589783 1.57480311393738 1.72844018557407E-14 0.118110239505768 -1.57478010654449 -0.00851896218955517 0.118110239505768 -1.56997275352478 -0.123250298202038 0.118110239505768 -1.55681765079498 -0.237326309084892 0.118110239505768 -1.53538489341736 -0.350140422582626 0.118110239505768 -1.50578832626343 -0.461092829704285 0.118110239505768 -1.4681853055954 -0.569593548774719 0.118110239505768 -1.42277586460114 -0.675065696239471 0.118110239505768 -1.36980140209198 -0.77694845199585 0.118110239505768 -1.30954372882843 -0.874700129032135 0.118110239505768 -1.24232292175293 -0.967800974845886 0.118110239505768 -1.16849660873413 -1.05575585365295 0.118110239505768 -1.08845734596252 -1.13809728622437 0.118110239505768 -1.00263071060181 -1.21438729763031 0.118110239505768 -0.911472976207733 -1.28422033786774 0.118110239505768 -0.815468847751617 -1.34722518920898 0.118110239505768 -0.715128779411316 -1.40306651592255 0.118110239505768 -0.610986351966858 -1.45144772529602 0.118110239505768 -0.503595232963562 -1.49211156368256 0.118110239505768 -0.393526464700699 -1.52484154701233 0.118110239505768 -0.281365275382996 -1.54946398735046 0.118110239505768 -0.167708069086075 -1.56584763526917 0.118110239505768 -0.0531591288745403 -1.57390570640564 0.118110239505768 0.0616724602878094 -1.57359504699707 0.118110239505768 0.176176130771637 -1.56491756439209 0.118110239505768 0.289743065834045 -1.54791927337646 0.118110239505768 0.401769399642944 -1.52269053459167 0.118110239505768 0.511659502983093 -1.48936545848846 0.118110239505768 0.618829071521759 -1.44812142848969 0.118110239505768 0.722708284854889 -1.39917755126953 0.118110239505768 0.822744786739349 -1.34279406070709 0.118110239505768 0.918406665325165 -1.27927100658417 0.118110239505768 1.00918531417847 -1.20894575119019 0.118110239505768 1.09459805488586 -1.13219261169434 0.118110239505768 1.17419075965881 -1.04941940307617 0.118110239505768 1.24754011631012 -0.961066424846649 0.118110239505768 1.31425619125366 -0.867603302001953 0.118110239505768 1.37398433685303 -0.769527077674866 0.118110239505768 1.42640686035156 -0.667359232902527 0.118110239505768 1.4712450504303 -0.561643004417419 0.118110239505768 1.50826060771942 -0.452940434217453 0.118110239505768 1.53725647926331 -0.341829568147659 0.118110239505768 1.55807864665985 -0.228901162743568 0.118110239505768 1.57061648368835 -0.114755660295486 0.62007874250412 -1.57480311393738 -7.33186027081917E-14 0.62007874250412 1.57480311393738 1.73468247958216E-14 1.12204718589783 1.57479178905487 -0.00599693739786744 1.12204718589783 1.57036173343658 -0.118190102279186 1.12204718589783 1.55794894695282 -0.229782462120056 1.12204718589783 1.53761649131775 -0.340206742286682 1.12204718589783 1.50946760177612 -0.44890159368515 1.12204718589783 1.47364544868469 -0.555314481258392 1.12204718589783 1.4303320646286 -0.658904492855072 1.12204718589783 1.37974774837494 -0.759144961833954 1.12204718589783 1.32214963436127 -0.855526387691498 1.12204718589783 1.25783038139343 -0.94755882024765 1.12204718589783 1.18711698055267 -1.03477442264557 1.12204718589783 1.11036908626556 -1.11672985553741 1.12204718589783 1.02797663211823 -1.19300842285156 1.12204718589783 0.940358579158783 -1.2632223367691 1.12204718589783 0.847960233688354 -1.32701480388641 1.12204718589783 0.751251399517059 -1.38406157493591 1.12204718589783 0.650723576545715 -1.43407249450684 1.12204718589783 0.546887874603271 -1.47679340839386 1.12204718589783 0.440272092819214 -1.51200711727142 1.12204718589783 0.331418216228485 -1.53953468799591 1.12204718589783 0.220879599452019 -1.5592360496521 1.12204718589783 0.109218165278435 -1.57101130485535 1.12204718589783 -0.00299847428686917 -1.57480025291443 1.12204718589783 -0.115199871361256 -1.57058393955231 1.12204718589783 -0.226815655827522 -1.55838370323181 1.12204718589783 -0.337278455495834 -1.53826141357422 1.12204718589783 -0.446026712656021 -1.51031959056854 1.12204718589783 -0.552507638931274 -1.47470009326935 1.12204718589783 -0.656179904937744 -1.43158400058746 1.12204718589783 -0.756516516208649 -1.38119065761566 1.12204718589783 -0.853007435798645 -1.3237761259079 1.12204718589783 -0.945162177085876 -1.25963222980499 1.12204718589783 -1.03251218795776 -1.18908512592316 1.12204718589783 -1.11461365222931 -1.11249339580536 1.12204718589783 -1.19104886054993 -1.03024625778198 1.12204718589783 -1.26142954826355 -0.942762076854706 1.12204718589783 -1.32539784908295 -0.850485384464264 1.12204718589783 -1.38262856006622 -0.753885328769684 1.12204718589783 -1.43283081054688 -0.653452932834625 1.12204718589783 -1.47574937343597 -0.549698710441589 1.12204718589783 -1.51116609573364 -0.443150192499161 1.12204718589783 -1.53890085220337 -0.334348946809769 1.12204718589783 -1.5588127374649 -0.223848044872284 1.12204718589783 -1.57080042362213 -0.112209223210812</float_array>
          <technique_common>
            <accessor count="1356" offset="0" source="#lib-position-array-a5fdb100-78e0-41a5-8fcb-a2db310aecc6" stride="3">
              <param name="X" type="float" />
              <param name="Y" type="float" />
              <param name="Z" type="float" />
            </accessor>
          </technique_common>
        </source>
        <source id="lib-normal-a5fdb100-78e0-41a5-8fcb-a2db310aecc6" name="normal">
          <float_array id="lib-normal-array-a5fdb100-78e0-41a5-8fcb-a2db310aecc6" count="4068">-1.000000 0.000000 0.000000 -1.000000 0.000000 0.000000 -1.000000 0.000000 0.000000 -1.000000 0.000000 0.000000 -1.000000 0.000000 0.000000 -1.000000 0.000000 0.000000 -1.000000 0.000000 0.000000 -1.000000 0.000000 0.000000 -1.000000 0.000000 0.000000 -1.000000 0.000000 0.000000 -1.000000 0.000000 0.000000 -1.000000 0.000000 0.000000 -1.000000 0.000000 0.000000 -1.000000 0.000000 0.000000 -1.000000 0.000000 0.000000 -1.000000 0.000000 0.000000 -1.000000 0.000000 0.000000 -1.000000 0.000000 0.000000 -1.000000 0.000000 0.000000 -1.000000 0.000000 0.000000 -1.000000 0.000000 0.000000 -1.000000 0.000000 0.000000 -1.000000 0.000000 0.000000 -1.000000 0.000000 0.000000 -1.000000 0.000000 0.000000 -1.000000 0.000000 0.000000 -1.000000 0.000000 0.000000 -1.000000 0.000000 0.000000 -1.000000 0.000000 0.000000 -1.000000 0.000000 0.000000 -1.000000 0.000000 0.000000 -1.000000 0.000000 0.000000 -1.000000 0.000000 0.000000 -1.000000 0.000000 0.000000 -1.000000 0.000000 0.000000 -1.000000 0.000000 0.000000 -1.000000 0.000000 0.000000 -1.000000 0.000000 0.000000 -1.000000 0.000000 0.000000 -1.000000 0.000000 0.000000 -1.000000 0.000000 0.000000 -1.000000 0.000000 0.000000 -1.000000 0.000000 0.000000 -1.000000 0.000000 0.000000 -1.000000 0.000000 0.000000 -1.000000 0.000000 0.000000 -1.000000 0.000000 0.000000 -1.000000 0.000000 0.000000 -1.000000 0.000000 0.000000 -1.000000 0.000000 0.000000 -1.000000 0.000000 0.000000 -1.000000 0.000000 0.000000 -1.000000 0.000000 0.000000 -1.000000 0.000000 0.000000 -1.000000 0.000000 0.000000 -1.000000 0.000000 0.000000 -1.000000 0.000000 0.000000 -1.000000 0.000000 0.000000 -1.000000 0.000000 0.000000 -1.000000 0.000000 0.000000 -1.000000 0.000000 0.000000 -1.000000 0.000000 0.000000 -1.000000 0.000000 0.000000 -1.000000 0.000000 0.000000 -1.000000 0.000000 0.000000 -1.000000 0.000000 0.000000 -1.000000 0.000000 0.000000 -1.000000 0.000000 0.000000 -1.000000 0.000000 0.000000 -1.000000 0.000000 0.000000 -1.000000 0.000000 0.000000 -1.000000 0.000000 0.000000 -1.000000 0.000000 0.000000 -1.000000 0.000000 0.000000 -1.000000 0.000000 0.000000 -1.000000 0.000000 0.000000 -1.000000 0.000000 0.000000 -1.000000 0.000000 0.000000 -1.000000 0.000000 0.000000 -1.000000 0.000000 0.000000 -1.000000 0.000000 0.000000 -1.000000 0.000000 0.000000 -0.923880 -0.380632 -0.039569 -0.831470 -0.552592 -0.057446 -0.707107 -0.703317 -0.073114 -0.555570 -0.827013 -0.085973 -0.382683 -0.918927 -0.095528 -0.923880 -0.374921 -0.076687 -0.831470 -0.544301 -0.111332 -0.707107 -0.692764 -0.141699 -0.555570 -0.814604 -0.166621 -0.382683 -0.905139 -0.185139 -0.923880 -0.365599 -0.113067 -0.831470 -0.530767 -0.164147 -0.707107 -0.675539 -0.208920 -0.555570 -0.794349 -0.245664 -0.382683 -0.882634 -0.272967 -0.923880 -0.352756 -0.148357 -0.831470 -0.512122 -0.215381 -0.707107 -0.651808 -0.274128 -0.555570 -0.766445 -0.322340 -0.382683 -0.851628 -0.358166 -0.923880 -0.336516 -0.182219 -0.831470 -0.488545 -0.264541 -0.707107 -0.621800 -0.336696 -0.555570 -0.731160 -0.395913 -0.382683 -0.812421 -0.439915 -0.923880 -0.317035 -0.214326 -0.831470 -0.460263 -0.311153 -0.707107 -0.585804 -0.396022 -0.555570 -0.688833 -0.465673 -0.382683 -0.765390 -0.517428 -0.923880 -0.294501 -0.244368 -0.831470 -0.427549 -0.354768 -0.707107 -0.544166 -0.451534 -0.555570 -0.639872 -0.530948 -0.382683 -0.710988 -0.589958 -0.923880 -0.269130 -0.272058 -0.831470 -0.390717 -0.394967 -0.707107 -0.497288 -0.502697 -0.555570 -0.584749 -0.591110 -0.382683 -0.649738 -0.656806 -0.923880 -0.241168 -0.297127 -0.831470 -0.350122 -0.431362 -0.707107 -0.445620 -0.549020 -0.555570 -0.523994 -0.645579 -0.382683 -0.582231 -0.717329 -0.923880 -0.210883 -0.319335 -0.831470 -0.306155 -0.463603 -0.707107 -0.389661 -0.590054 -0.555570 -0.458193 -0.693830 -0.382683 -0.509117 -0.770943 -0.923880 -0.178567 -0.338468 -0.831470 -0.259240 -0.491379 -0.707107 -0.329949 -0.625407 -0.555570 -0.387980 -0.735400 -0.382683 -0.431100 -0.817133 -0.923880 -0.144532 -0.354340 -0.831470 -0.209828 -0.514423 -0.707107 -0.267060 -0.654736 -0.555570 -0.314030 -0.769888 -0.382683 -0.348931 -0.855453 -0.923880 -0.109105 -0.366801 -0.831470 -0.158395 -0.532512 -0.707107 -0.201599 -0.677759 -0.555570 -0.237055 -0.796961 -0.382683 -0.263402 -0.885535 -0.923880 -0.072626 -0.375729 -0.831470 -0.105437 -0.545473 -0.707107 -0.134196 -0.694256 -0.555570 -0.157798 -0.816359 -0.382683 -0.175336 -0.907089 -0.923880 -0.035449 -0.381038 -0.831470 -0.051464 -0.553182 -0.707107 -0.065501 -0.704067 -0.555570 -0.077021 -0.827895 -0.382683 -0.085581 -0.919907 -0.923880 0.002070 -0.382678 -0.831470 0.003005 -0.555562 -0.707107 0.003825 -0.707096 -0.555570 0.004498 -0.831457 -0.382683 0.004998 -0.923866 -0.923880 0.039569 -0.380632 -0.831470 0.057446 -0.552592 -0.707107 0.073114 -0.703317 -0.555570 0.085973 -0.827013 -0.382683 0.095528 -0.918927 -0.923880 0.076687 -0.374921 -0.831470 0.111332 -0.544301 -0.707107 0.141699 -0.692764 -0.555570 0.166621 -0.814604 -0.382683 0.185139 -0.905139 -0.923880 0.113067 -0.365599 -0.831470 0.164147 -0.530767 -0.707107 0.208920 -0.675539 -0.555570 0.245664 -0.794349 -0.382683 0.272967 -0.882634 -0.923880 0.148357 -0.352756 -0.831470 0.215381 -0.512122 -0.707107 0.274128 -0.651808 -0.555570 0.322340 -0.766445 -0.382683 0.358166 -0.851628 -0.923880 0.182219 -0.336516 -0.831470 0.264541 -0.488545 -0.707107 0.336696 -0.621800 -0.555570 0.395913 -0.731160 -0.382683 0.439915 -0.812421 -0.923880 0.214326 -0.317035 -0.831470 0.311153 -0.460263 -0.707107 0.396022 -0.585804 -0.555570 0.465673 -0.688833 -0.382683 0.517428 -0.765390 -0.923880 0.244368 -0.294501 -0.831470 0.354768 -0.427549 -0.707107 0.451534 -0.544166 -0.555570 0.530948 -0.639872 -0.382683 0.589958 -0.710988 -0.923880 0.272058 -0.269130 -0.831470 0.394967 -0.390717 -0.707107 0.502697 -0.497288 -0.555570 0.591110 -0.584749 -0.382683 0.656806 -0.649738 -0.923880 0.297127 -0.241168 -0.831470 0.431362 -0.350122 -0.707107 0.549020 -0.445620 -0.555570 0.645579 -0.523994 -0.382683 0.717329 -0.582231 -0.923880 0.319335 -0.210883 -0.831470 0.463603 -0.306155 -0.707107 0.590054 -0.389661 -0.555570 0.693830 -0.458193 -0.382683 0.770943 -0.509117 -0.923880 0.338468 -0.178567 -0.831470 0.491379 -0.259240 -0.707107 0.625407 -0.329949 -0.555570 0.735400 -0.387980 -0.382683 0.817133 -0.431100 -0.923880 0.354340 -0.144532 -0.831470 0.514423 -0.209828 -0.707107 0.654736 -0.267060 -0.555570 0.769888 -0.314030 -0.382683 0.855453 -0.348931 -0.923880 0.366801 -0.109105 -0.831470 0.532512 -0.158395 -0.707107 0.677759 -0.201599 -0.555570 0.796961 -0.237055 -0.382683 0.885535 -0.263402 -0.923880 0.375729 -0.072626 -0.831470 0.545473 -0.105437 -0.707107 0.694256 -0.134196 -0.555570 0.816359 -0.157798 -0.382683 0.907089 -0.175336 -0.923880 0.381038 -0.035449 -0.831470 0.553182 -0.051464 -0.707107 0.704067 -0.065501 -0.555570 0.827895 -0.077021 -0.382683 0.919907 -0.085581 -1.000000 0.000000 0.000000 -1.000000 0.000000 0.000000 -1.000000 0.000000 0.000000 -1.000000 0.000000 0.000000 -1.000000 0.000000 0.000000 -1.000000 0.000000 0.000000 -1.000000 0.000000 0.000000 -1.000000 0.000000 0.000000 -1.000000 0.000000 0.000000 -1.000000 0.000000 0.000000 -1.000000 0.000000 0.000000 -1.000000 0.000000 0.000000 -1.000000 0.000000 0.000000 -1.000000 0.000000 0.000000 -1.000000 0.000000 0.000000 -1.000000 0.000000 0.000000 -1.000000 0.000000 0.000000 -1.000000 0.000000 0.000000 -1.000000 0.000000 0.000000 -1.000000 0.000000 0.000000 -1.000000 0.000000 0.000000 -1.000000 0.000000 0.000000 -1.000000 0.000000 0.000000 -1.000000 0.000000 0.000000 -1.000000 0.000000 0.000000 -1.000000 0.000000 0.000000 -1.000000 0.000000 0.000000 -1.000000 0.000000 0.000000 -1.000000 0.000000 0.000000 -1.000000 0.000000 0.000000 -1.000000 0.000000 0.000000 -1.000000 0.000000 0.000000 -1.000000 0.000000 0.000000 -1.000000 0.000000 0.000000 -1.000000 0.000000 0.000000 -1.000000 0.000000 0.000000 -1.000000 0.000000 0.000000 -1.000000 0.000000 0.000000 -1.000000 0.000000 0.000000 -1.000000 0.000000 0.000000 -1.000000 0.000000 0.000000 0.000000 -1.000000 0.000000 -0.382683 -0.923880 0.000000 -0.707107 -0.707107 0.000000 -0.923880 -0.382683 0.000000 -1.000000 0.000000 0.000000 -0.923880 0.382683 0.000000 -0.707107 0.707107 0.000000 -0.382683 0.923880 0.000000 0.000000 1.000000 0.000000 0.000000 -0.999985 -0.005410 0.000000 0.997341 -0.072870 0.000000 0.989380 -0.145352 0.000000 0.976158 -0.217062 0.000000 0.957745 -0.287617 0.000000 0.934241 -0.356643 0.000000 0.905768 -0.423773 0.000000 0.872480 -0.488650 0.000000 0.834553 -0.550928 0.000000 0.792188 -0.610277 0.000000 0.745611 -0.666381 0.000000 0.695070 -0.718942 0.000000 0.640833 -0.767681 0.000000 0.583188 -0.812337 0.000000 0.522443 -0.852674 0.000000 0.458920 -0.888478 0.000000 0.392956 -0.919557 0.000000 0.324904 -0.945747 0.000000 0.255124 -0.966908 0.000000 0.183987 -0.982929 0.000000 0.111872 -0.993723 0.000000 0.039162 -0.999233 0.000000 -0.033756 -0.999430 0.000000 -0.106495 -0.994313 0.000000 -0.178667 -0.983910 0.000000 -0.249889 -0.968274 0.000000 -0.319783 -0.947491 0.000000 -0.387976 -0.921669 0.000000 -0.454107 -0.890947 0.000000 -0.517823 -0.855488 0.000000 -0.578785 -0.815480 0.000000 -0.636671 -0.771136 0.000000 -0.691170 -0.722692 0.000000 -0.741995 -0.670405 0.000000 -0.788875 -0.614554 0.000000 -0.831560 -0.555435 0.000000 -0.869824 -0.493362 0.000000 -0.903463 -0.428667 0.000000 -0.932298 -0.361692 0.000000 -0.956176 -0.292794 0.000000 -0.974969 -0.222339 0.000000 -0.988579 -0.150702 0.000000 -0.996933 -0.078264 -0.923880 0.380632 0.039569 -0.831470 0.552592 0.057446 -0.707107 0.703317 0.073114 -0.555570 0.827013 0.085973 -0.382683 0.918927 0.095528 -0.923880 0.374921 0.076687 -0.831470 0.544301 0.111332 -0.707107 0.692764 0.141699 -0.555570 0.814604 0.166621 -0.382683 0.905139 0.185139 -0.923880 0.365599 0.113067 -0.831470 0.530767 0.164147 -0.707107 0.675539 0.208920 -0.555570 0.794349 0.245664 -0.382683 0.882634 0.272967 -0.923880 0.352756 0.148357 -0.831470 0.512122 0.215381 -0.707107 0.651808 0.274128 -0.555570 0.766445 0.322340 -0.382683 0.851628 0.358166 -0.923880 0.336516 0.182219 -0.831470 0.488545 0.264541 -0.707107 0.621800 0.336696 -0.555570 0.731160 0.395913 -0.382683 0.812421 0.439915 -0.923880 0.317035 0.214326 -0.831470 0.460263 0.311153 -0.707107 0.585804 0.396022 -0.555570 0.688833 0.465673 -0.382683 0.765390 0.517428 -0.923880 0.294501 0.244368 -0.831470 0.427549 0.354768 -0.707107 0.544166 0.451534 -0.555570 0.639872 0.530948 -0.382683 0.710988 0.589958 -0.923880 0.269130 0.272058 -0.831470 0.390717 0.394967 -0.707107 0.497288 0.502697 -0.555570 0.584749 0.591110 -0.382683 0.649738 0.656806 -0.923880 0.241168 0.297127 -0.831470 0.350122 0.431362 -0.707107 0.445620 0.549020 -0.555570 0.523994 0.645579 -0.382683 0.582231 0.717329 -0.923880 0.210883 0.319335 -0.831470 0.306155 0.463603 -0.707107 0.389661 0.590054 -0.555570 0.458193 0.693830 -0.382683 0.509117 0.770943 -0.923880 0.178567 0.338468 -0.831470 0.259240 0.491379 -0.707107 0.329949 0.625407 -0.555570 0.387980 0.735400 -0.382683 0.431100 0.817133 -0.923880 0.144532 0.354340 -0.831470 0.209828 0.514423 -0.707107 0.267060 0.654736 -0.555570 0.314030 0.769888 -0.382683 0.348931 0.855453 -0.923880 0.109105 0.366801 -0.831470 0.158395 0.532512 -0.707107 0.201599 0.677759 -0.555570 0.237055 0.796961 -0.382683 0.263402 0.885535 -0.923880 0.072626 0.375729 -0.831470 0.105437 0.545473 -0.707107 0.134196 0.694256 -0.555570 0.157798 0.816359 -0.382683 0.175336 0.907089 -0.923880 0.035449 0.381038 -0.831470 0.051464 0.553182 -0.707107 0.065501 0.704067 -0.555570 0.077021 0.827895 -0.382683 0.085581 0.919907 -0.923880 -0.002070 0.382678 -0.831470 -0.003005 0.555562 -0.707107 -0.003825 0.707096 -0.555570 -0.004498 0.831457 -0.382683 -0.004998 0.923866 -0.923880 -0.039569 0.380632 -0.831470 -0.057446 0.552592 -0.707107 -0.073114 0.703317 -0.555570 -0.085973 0.827013 -0.382683 -0.095528 0.918927 -0.923880 -0.076687 0.374921 -0.831470 -0.111332 0.544301 -0.707107 -0.141699 0.692764 -0.555570 -0.166621 0.814604 -0.382683 -0.185139 0.905139 -0.923880 -0.113067 0.365599 -0.831470 -0.164147 0.530767 -0.707107 -0.208920 0.675539 -0.555570 -0.245664 0.794349 -0.382683 -0.272967 0.882634 -0.923880 -0.148357 0.352756 -0.831470 -0.215381 0.512122 -0.707107 -0.274128 0.651808 -0.555570 -0.322340 0.766445 -0.382683 -0.358166 0.851628 -0.923880 -0.182219 0.336516 -0.831470 -0.264541 0.488545 -0.707107 -0.336696 0.621800 -0.555570 -0.395913 0.731160 -0.382683 -0.439915 0.812421 -0.923880 -0.214326 0.317035 -0.831470 -0.311153 0.460263 -0.707107 -0.396022 0.585804 -0.555570 -0.465673 0.688833 -0.382683 -0.517428 0.765390 -0.923880 -0.244368 0.294501 -0.831470 -0.354768 0.427549 -0.707107 -0.451534 0.544166 -0.555570 -0.530948 0.639872 -0.382683 -0.589958 0.710988 -0.923880 -0.272058 0.269130 -0.831470 -0.394967 0.390717 -0.707107 -0.502697 0.497288 -0.555570 -0.591110 0.584749 -0.382683 -0.656806 0.649738 -0.923880 -0.297127 0.241168 -0.831470 -0.431362 0.350122 -0.707107 -0.549020 0.445620 -0.555570 -0.645579 0.523994 -0.382683 -0.717329 0.582231 -0.923880 -0.319335 0.210883 -0.831470 -0.463603 0.306155 -0.707107 -0.590054 0.389661 -0.555570 -0.693830 0.458193 -0.382683 -0.770943 0.509117 -0.923880 -0.338468 0.178567 -0.831470 -0.491379 0.259240 -0.707107 -0.625407 0.329949 -0.555570 -0.735400 0.387980 -0.382683 -0.817133 0.431100 -0.923880 -0.354340 0.144532 -0.831470 -0.514423 0.209828 -0.707107 -0.654736 0.267060 -0.555570 -0.769888 0.314030 -0.382683 -0.855453 0.348931 -0.923880 -0.366801 0.109105 -0.831470 -0.532512 0.158395 -0.707107 -0.677759 0.201599 -0.555570 -0.796961 0.237055 -0.382683 -0.885535 0.263402 -0.923880 -0.375729 0.072626 -0.831470 -0.545473 0.105437 -0.707107 -0.694256 0.134196 -0.555570 -0.816359 0.157798 -0.382683 -0.907089 0.175336 -0.923880 -0.381038 0.035449 -0.831470 -0.553182 0.051464 -0.707107 -0.704067 0.065501 -0.555570 -0.827895 0.077021 -0.382683 -0.919907 0.085581 -1.000000 0.000000 0.000000 -0.923880 -0.382683 0.000000 -0.707107 -0.707107 0.000000 -0.382683 -0.923880 0.000000 0.000000 -1.000000 0.000000 0.000000 1.000000 0.000000 -0.382683 0.923880 0.000000 -0.707107 0.707107 0.000000 -0.923880 0.382683 0.000000 -1.000000 0.000000 0.000000 -1.000000 0.000000 0.000000 -1.000000 0.000000 0.000000 -1.000000 0.000000 0.000000 -1.000000 0.000000 0.000000 -1.000000 0.000000 0.000000 -1.000000 0.000000 0.000000 -1.000000 0.000000 0.000000 -1.000000 0.000000 0.000000 -1.000000 0.000000 0.000000 -1.000000 0.000000 0.000000 -1.000000 0.000000 0.000000 -1.000000 0.000000 0.000000 -1.000000 0.000000 0.000000 -1.000000 0.000000 0.000000 -1.000000 0.000000 0.000000 -1.000000 0.000000 0.000000 -1.000000 0.000000 0.000000 -1.000000 0.000000 0.000000 -1.000000 0.000000 0.000000 -1.000000 0.000000 0.000000 -1.000000 0.000000 0.000000 -1.000000 0.000000 0.000000 -1.000000 0.000000 0.000000 -1.000000 0.000000 0.000000 -1.000000 0.000000 0.000000 -1.000000 0.000000 0.000000 -1.000000 0.000000 0.000000 -1.000000 0.000000 0.000000 -1.000000 0.000000 0.000000 -1.000000 0.000000 0.000000 -1.000000 0.000000 0.000000 -1.000000 0.000000 0.000000 -1.000000 0.000000 0.000000 -1.000000 0.000000 0.000000 -1.000000 0.000000 0.000000 -1.000000 0.000000 0.000000 -1.000000 0.000000 0.000000 -1.000000 0.000000 0.000000 -1.000000 0.000000 0.000000 -1.000000 0.000000 0.000000 0.000000 0.999985 0.005410 0.000000 -0.997341 0.072870 0.000000 -0.989380 0.145352 0.000000 -0.976158 0.217062 0.000000 -0.957745 0.287617 0.000000 -0.934241 0.356643 0.000000 -0.905768 0.423773 0.000000 -0.872480 0.488650 0.000000 -0.834553 0.550928 0.000000 -0.792188 0.610277 0.000000 -0.745611 0.666381 0.000000 -0.695070 0.718942 0.000000 -0.640833 0.767681 0.000000 -0.583188 0.812337 0.000000 -0.522443 0.852674 0.000000 -0.458920 0.888478 0.000000 -0.392956 0.919557 0.000000 -0.324904 0.945747 0.000000 -0.255124 0.966908 0.000000 -0.183987 0.982929 0.000000 -0.111872 0.993723 0.000000 -0.039162 0.999233 0.000000 0.033756 0.999430 0.000000 0.106495 0.994313 0.000000 0.178667 0.983910 0.000000 0.249889 0.968274 0.000000 0.319783 0.947491 0.000000 0.387976 0.921669 0.000000 0.454107 0.890947 0.000000 0.517823 0.855488 0.000000 0.578785 0.815480 0.000000 0.636671 0.771136 0.000000 0.691170 0.722692 0.000000 0.741995 0.670405 0.000000 0.788875 0.614554 0.000000 0.831560 0.555435 0.000000 0.869824 0.493362 0.000000 0.903463 0.428667 0.000000 0.932298 0.361692 0.000000 0.956176 0.292794 0.000000 0.974969 0.222339 0.000000 0.988579 0.150702 0.000000 0.996933 0.078264 0.000000 1.000000 0.000000 0.000000 1.000000 0.000000 0.000000 -1.000000 0.000000 0.000000 -1.000000 0.000000 0.000000 0.999985 0.005410 0.000000 0.996933 0.078264 0.000000 0.988579 0.150702 0.000000 0.974969 0.222339 0.000000 0.956176 0.292794 0.000000 0.932298 0.361692 0.000000 0.903463 0.428667 0.000000 0.869824 0.493362 0.000000 0.831560 0.555435 0.000000 0.788875 0.614554 0.000000 0.741995 0.670405 0.000000 0.691170 0.722692 0.000000 0.636671 0.771136 0.000000 0.578785 0.815480 0.000000 0.517823 0.855488 0.000000 0.454107 0.890947 0.000000 0.387976 0.921669 0.000000 0.319783 0.947491 0.000000 0.249889 0.968274 0.000000 0.178667 0.983910 0.000000 0.106495 0.994313 0.000000 0.033756 0.999430 0.000000 -0.039162 0.999233 0.000000 -0.111872 0.993723 0.000000 -0.183987 0.982929 0.000000 -0.255124 0.966908 0.000000 -0.324904 0.945747 0.000000 -0.392956 0.919557 0.000000 -0.458920 0.888478 0.000000 -0.522443 0.852674 0.000000 -0.583188 0.812337 0.000000 -0.640833 0.767681 0.000000 -0.695070 0.718942 0.000000 -0.745611 0.666381 0.000000 -0.792188 0.610277 0.000000 -0.834553 0.550928 0.000000 -0.872480 0.488650 0.000000 -0.905768 0.423773 0.000000 -0.934241 0.356643 0.000000 -0.957745 0.287617 0.000000 -0.976158 0.217062 0.000000 -0.989380 0.145352 0.000000 -0.997341 0.072870 0.000000 -0.999993 0.003808 0.000000 -0.997180 0.075051 0.000000 -0.989298 0.145912 0.000000 -0.976386 0.216031 0.000000 -0.958512 0.285053 0.000000 -0.935765 0.352625 0.000000 -0.908261 0.418404 0.000000 -0.876140 0.482057 0.000000 -0.839565 0.543259 0.000000 -0.798722 0.601700 0.000000 -0.753819 0.657082 0.000000 -0.705084 0.709123 0.000000 -0.652765 0.757560 0.000000 -0.597128 0.802146 0.000000 -0.538455 0.842654 0.000000 -0.477045 0.878879 0.000000 -0.413209 0.910636 0.000000 -0.347274 0.937764 0.000000 -0.279573 0.960124 0.000000 -0.210451 0.977605 0.000000 -0.140259 0.990115 0.000000 -0.069354 0.997592 0.000000 0.001904 0.999998 0.000000 0.073152 0.997321 0.000000 0.144028 0.989574 0.000000 0.214172 0.976796 0.000000 0.283227 0.959053 0.000000 0.350842 0.936435 0.000000 0.416674 0.909056 0.000000 0.480388 0.877056 0.000000 0.541660 0.840598 0.000000 0.600178 0.799866 0.000000 0.655645 0.755069 0.000000 0.707780 0.706433 0.000000 0.756316 0.654206 0.000000 0.801008 0.598654 0.000000 0.841628 0.540058 0.000000 0.877969 0.478717 0.000000 0.909848 0.414943 0.000000 0.937101 0.349059 0.000000 0.959590 0.281400 0.000000 0.977202 0.212312 0.000000 0.989846 0.142144 0.000000 0.997458 0.071253 0.000000 -1.000000 0.000000 0.000000 1.000000 0.000000 0.382683 0.919769 0.087054 0.555570 0.827770 0.078347 0.707107 0.703961 0.066628 0.831470 0.553098 0.052350 0.923880 0.380981 0.036059 0.382683 0.906807 0.176788 0.555570 0.816105 0.159105 0.707107 0.694040 0.135308 0.831470 0.545304 0.106311 0.923880 0.375612 0.073228 0.382683 0.885112 0.264819 0.555570 0.796580 0.238331 0.707107 0.677436 0.202684 0.831470 0.532258 0.159248 0.923880 0.366626 0.109692 0.382683 0.854894 0.350300 0.555570 0.769384 0.315262 0.707107 0.654307 0.268108 0.831470 0.514086 0.210651 0.923880 0.354109 0.145099 0.382683 0.816442 0.432408 0.555570 0.734778 0.389157 0.707107 0.624877 0.330951 0.831470 0.490963 0.260026 0.923880 0.338181 0.179109 0.382683 0.770127 0.510351 0.555570 0.693096 0.459304 0.707107 0.589429 0.390606 0.831470 0.463112 0.306897 0.923880 0.318997 0.211394 0.382683 0.716395 0.583379 0.555570 0.644739 0.525027 0.707107 0.548305 0.446499 0.831470 0.430801 0.350812 0.923880 0.296741 0.241644 0.382683 0.655764 0.650789 0.555570 0.590172 0.585695 0.707107 0.501900 0.498092 0.831470 0.394341 0.391349 0.923880 0.271627 0.269566 0.382683 0.588818 0.711931 0.555570 0.529922 0.640721 0.707107 0.450662 0.544889 0.831470 0.354083 0.428116 0.923880 0.243897 0.294892 0.382683 0.516201 0.766218 0.555570 0.464569 0.689578 0.707107 0.395084 0.586438 0.831470 0.310415 0.460761 0.923880 0.213818 0.317378 0.382683 0.438613 0.813125 0.555570 0.394742 0.731793 0.707107 0.335700 0.622339 0.831470 0.263758 0.488968 0.923880 0.181680 0.336807 0.382683 0.356801 0.852201 0.555570 0.321113 0.766961 0.707107 0.273084 0.652246 0.831470 0.214561 0.512467 0.923880 0.147792 0.352993 0.382683 0.271553 0.883070 0.555570 0.244391 0.794742 0.707107 0.207838 0.675872 0.831470 0.163297 0.531030 0.923880 0.112481 0.365780 0.382683 0.183689 0.905434 0.555570 0.165316 0.814870 0.707107 0.140590 0.692990 0.831470 0.110461 0.544478 0.923880 0.076087 0.375043 0.382683 0.094057 0.919079 0.555570 0.084649 0.827150 0.707107 0.071988 0.703433 0.831470 0.056560 0.552684 0.923880 0.038960 0.380695 0.382683 0.003518 0.923873 0.555570 0.003166 0.831464 0.707107 0.002693 0.707102 0.831470 0.002116 0.555566 0.923880 0.001457 0.382681 0.382683 -0.087054 0.919769 0.555570 -0.078347 0.827770 0.707107 -0.066628 0.703961 0.831470 -0.052350 0.553098 0.923880 -0.036059 0.380981 0.382683 -0.176788 0.906807 0.555570 -0.159105 0.816105 0.707107 -0.135308 0.694040 0.831470 -0.106311 0.545304 0.923880 -0.073228 0.375612 0.382683 -0.264819 0.885112 0.555570 -0.238331 0.796580 0.707107 -0.202684 0.677436 0.831470 -0.159248 0.532258 0.923880 -0.109692 0.366626 0.382683 -0.350300 0.854894 0.555570 -0.315262 0.769384 0.707107 -0.268108 0.654307 0.831470 -0.210651 0.514086 0.923880 -0.145099 0.354109 0.382683 -0.432408 0.816442 0.555570 -0.389157 0.734778 0.707107 -0.330951 0.624877 0.831470 -0.260026 0.490963 0.923880 -0.179109 0.338181 0.382683 -0.510351 0.770127 0.555570 -0.459304 0.693096 0.707107 -0.390606 0.589429 0.831470 -0.306897 0.463112 0.923880 -0.211394 0.318997 0.382683 -0.583379 0.716395 0.555570 -0.525027 0.644739 0.707107 -0.446499 0.548305 0.831470 -0.350812 0.430801 0.923880 -0.241644 0.296741 0.382683 -0.650789 0.655764 0.555570 -0.585695 0.590172 0.707107 -0.498092 0.501900 0.831470 -0.391349 0.394341 0.923880 -0.269566 0.271627 0.382683 -0.711931 0.588818 0.555570 -0.640721 0.529922 0.707107 -0.544889 0.450662 0.831470 -0.428116 0.354083 0.923880 -0.294892 0.243897 0.382683 -0.766218 0.516201 0.555570 -0.689578 0.464569 0.707107 -0.586438 0.395084 0.831470 -0.460761 0.310415 0.923880 -0.317378 0.213818 0.382683 -0.813125 0.438613 0.555570 -0.731793 0.394742 0.707107 -0.622339 0.335700 0.831470 -0.488968 0.263758 0.923880 -0.336807 0.181680 0.382683 -0.852201 0.356801 0.555570 -0.766961 0.321113 0.707107 -0.652246 0.273084 0.831470 -0.512467 0.214561 0.923880 -0.352993 0.147792 0.382683 -0.883070 0.271553 0.555570 -0.794742 0.244391 0.707107 -0.675872 0.207838 0.831470 -0.531030 0.163297 0.923880 -0.365780 0.112481 0.382683 -0.905434 0.183689 0.555570 -0.814870 0.165316 0.707107 -0.692990 0.140590 0.831470 -0.544478 0.110461 0.923880 -0.375043 0.076087 0.382683 -0.919079 0.094057 0.555570 -0.827150 0.084649 0.707107 -0.703433 0.071988 0.831470 -0.552684 0.056560 0.923880 -0.380695 0.038960 0.000000 -0.999993 0.003808 0.000000 -1.000000 0.000000 0.000000 1.000000 0.000000 0.000000 0.997458 0.071253 0.000000 0.989846 0.142144 0.000000 0.977202 0.212312 0.000000 0.959590 0.281400 0.000000 0.937101 0.349059 0.000000 0.909848 0.414943 0.000000 0.877969 0.478717 0.000000 0.841628 0.540058 0.000000 0.801008 0.598654 0.000000 0.756316 0.654206 0.000000 0.707780 0.706433 0.000000 0.655645 0.755069 0.000000 0.600178 0.799866 0.000000 0.541660 0.840598 0.000000 0.480388 0.877056 0.000000 0.416674 0.909056 0.000000 0.350842 0.936435 0.000000 0.283227 0.959053 0.000000 0.214172 0.976796 0.000000 0.144028 0.989574 0.000000 0.073152 0.997321 0.000000 0.001904 0.999998 0.000000 -0.069354 0.997592 0.000000 -0.140259 0.990115 0.000000 -0.210451 0.977605 0.000000 -0.279573 0.960124 0.000000 -0.347274 0.937764 0.000000 -0.413209 0.910636 0.000000 -0.477045 0.878879 0.000000 -0.538455 0.842654 0.000000 -0.597128 0.802146 0.000000 -0.652765 0.757560 0.000000 -0.705084 0.709123 0.000000 -0.753819 0.657082 0.000000 -0.798722 0.601700 0.000000 -0.839565 0.543259 0.000000 -0.876140 0.482057 0.000000 -0.908261 0.418404 0.000000 -0.935765 0.352625 0.000000 -0.958512 0.285053 0.000000 -0.976386 0.216031 0.000000 -0.989298 0.145912 0.000000 -0.997180 0.075051 1.000000 0.000000 0.000000 1.000000 0.000000 0.000000 1.000000 0.000000 0.000000 1.000000 0.000000 0.000000 1.000000 0.000000 0.000000 1.000000 0.000000 0.000000 1.000000 0.000000 0.000000 1.000000 0.000000 0.000000 1.000000 0.000000 0.000000 1.000000 0.000000 0.000000 1.000000 0.000000 0.000000 1.000000 0.000000 0.000000 1.000000 0.000000 0.000000 1.000000 0.000000 0.000000 1.000000 0.000000 0.000000 1.000000 0.000000 0.000000 1.000000 0.000000 0.000000 1.000000 0.000000 0.000000 1.000000 0.000000 0.000000 1.000000 0.000000 0.000000 1.000000 0.000000 0.000000 1.000000 0.000000 0.000000 1.000000 0.000000 0.000000 1.000000 0.000000 0.000000 1.000000 0.000000 0.000000 1.000000 0.000000 0.000000 1.000000 0.000000 0.000000 1.000000 0.000000 0.000000 1.000000 0.000000 0.000000 1.000000 0.000000 0.000000 1.000000 0.000000 0.000000 1.000000 0.000000 0.000000 1.000000 0.000000 0.000000 1.000000 0.000000 0.000000 1.000000 0.000000 0.000000 1.000000 0.000000 0.000000 1.000000 0.000000 0.000000 1.000000 0.000000 0.000000 1.000000 0.000000 0.000000 1.000000 0.000000 0.000000 1.000000 0.000000 0.000000 1.000000 0.000000 0.000000 1.000000 0.000000 0.000000 0.382683 -0.923880 0.000000 0.707107 -0.707107 0.000000 0.923880 -0.382683 0.000000 0.923880 0.382683 0.000000 0.707107 0.707107 0.000000 0.382683 0.923880 0.000000 0.555570 -0.831464 0.003166 0.707107 -0.707102 0.002693 0.831470 -0.555566 0.002116 0.923880 -0.382681 0.001457 1.000000 0.000000 0.000000 1.000000 0.000000 0.000000 1.000000 0.000000 0.000000 1.000000 0.000000 0.000000 1.000000 0.000000 0.000000 1.000000 0.000000 0.000000 1.000000 0.000000 0.000000 1.000000 0.000000 0.000000 1.000000 0.000000 0.000000 1.000000 0.000000 0.000000 1.000000 0.000000 0.000000 1.000000 0.000000 0.000000 1.000000 0.000000 0.000000 1.000000 0.000000 0.000000 1.000000 0.000000 0.000000 1.000000 0.000000 0.000000 1.000000 0.000000 0.000000 1.000000 0.000000 0.000000 1.000000 0.000000 0.000000 1.000000 0.000000 0.000000 1.000000 0.000000 0.000000 1.000000 0.000000 0.000000 1.000000 0.000000 0.000000 1.000000 0.000000 0.000000 1.000000 0.000000 0.000000 1.000000 0.000000 0.000000 1.000000 0.000000 0.000000 1.000000 0.000000 0.000000 1.000000 0.000000 0.000000 1.000000 0.000000 0.000000 1.000000 0.000000 0.000000 1.000000 0.000000 0.000000 1.000000 0.000000 0.000000 1.000000 0.000000 0.000000 1.000000 0.000000 0.000000 1.000000 0.000000 0.000000 1.000000 0.000000 0.000000 1.000000 0.000000 0.000000 1.000000 0.000000 0.000000 1.000000 0.000000 0.000000 1.000000 0.000000 0.000000 1.000000 0.000000 0.000000 1.000000 0.000000 0.000000 1.000000 0.000000 0.000000 1.000000 0.000000 0.000000 1.000000 0.000000 0.000000 1.000000 0.000000 0.000000 1.000000 0.000000 0.000000 1.000000 0.000000 0.000000 1.000000 0.000000 0.000000 1.000000 0.000000 0.000000 1.000000 0.000000 0.000000 1.000000 0.000000 0.000000 1.000000 0.000000 0.000000 1.000000 0.000000 0.000000 1.000000 0.000000 0.000000 1.000000 0.000000 0.000000 1.000000 0.000000 0.000000 1.000000 0.000000 0.000000 1.000000 0.000000 0.000000 1.000000 0.000000 0.000000 1.000000 0.000000 0.000000 1.000000 0.000000 0.000000 1.000000 0.000000 0.000000 1.000000 0.000000 0.000000 1.000000 0.000000 0.000000 1.000000 0.000000 0.000000 1.000000 0.000000 0.000000 1.000000 0.000000 0.000000 1.000000 0.000000 0.000000 1.000000 0.000000 0.000000 1.000000 0.000000 0.000000 1.000000 0.000000 0.000000 1.000000 0.000000 0.000000 1.000000 0.000000 0.000000 1.000000 0.000000 0.000000 1.000000 0.000000 0.000000 1.000000 0.000000 0.000000 1.000000 0.000000 0.000000 1.000000 0.000000 0.000000 1.000000 0.000000 0.000000 1.000000 0.000000 0.000000 1.000000 0.000000 0.000000 1.000000 0.000000 0.000000 0.382683 -0.919769 -0.087054 0.555570 -0.827770 -0.078347 0.707107 -0.703961 -0.066628 0.831470 -0.553098 -0.052350 0.923880 -0.380981 -0.036059 0.382683 -0.906807 -0.176788 0.555570 -0.816105 -0.159105 0.707107 -0.694040 -0.135308 0.831470 -0.545304 -0.106311 0.923880 -0.375612 -0.073228 0.382683 -0.885112 -0.264819 0.555570 -0.796580 -0.238331 0.707107 -0.677436 -0.202684 0.831470 -0.532258 -0.159248 0.923880 -0.366626 -0.109692 0.382683 -0.854894 -0.350300 0.555570 -0.769384 -0.315262 0.707107 -0.654307 -0.268108 0.831470 -0.514086 -0.210651 0.923880 -0.354109 -0.145099 0.382683 -0.816442 -0.432408 0.555570 -0.734778 -0.389157 0.707107 -0.624877 -0.330951 0.831470 -0.490963 -0.260026 0.923880 -0.338181 -0.179109 0.382683 -0.770127 -0.510351 0.555570 -0.693096 -0.459304 0.707107 -0.589429 -0.390606 0.831470 -0.463112 -0.306897 0.923880 -0.318997 -0.211394 0.382683 -0.716395 -0.583379 0.555570 -0.644739 -0.525027 0.707107 -0.548305 -0.446499 0.831470 -0.430801 -0.350812 0.923880 -0.296741 -0.241644 0.382683 -0.655764 -0.650789 0.555570 -0.590172 -0.585695 0.707107 -0.501900 -0.498092 0.831470 -0.394341 -0.391349 0.923880 -0.271627 -0.269566 0.382683 -0.588818 -0.711931 0.555570 -0.529922 -0.640721 0.707107 -0.450662 -0.544889 0.831470 -0.354083 -0.428116 0.923880 -0.243897 -0.294892 0.382683 -0.516201 -0.766218 0.555570 -0.464569 -0.689578 0.707107 -0.395084 -0.586438 0.831470 -0.310415 -0.460761 0.923880 -0.213818 -0.317378 0.382683 -0.438613 -0.813125 0.555570 -0.394742 -0.731793 0.707107 -0.335700 -0.622339 0.831470 -0.263758 -0.488968 0.923880 -0.181680 -0.336807 0.382683 -0.356801 -0.852201 0.555570 -0.321113 -0.766961 0.707107 -0.273084 -0.652246 0.831470 -0.214561 -0.512467 0.923880 -0.147792 -0.352993 0.382683 -0.271553 -0.883070 0.555570 -0.244391 -0.794742 0.707107 -0.207838 -0.675872 0.831470 -0.163297 -0.531030 0.923880 -0.112481 -0.365780 0.382683 -0.183689 -0.905434 0.555570 -0.165316 -0.814870 0.707107 -0.140590 -0.692990 0.831470 -0.110461 -0.544478 0.923880 -0.076087 -0.375043 0.382683 -0.094057 -0.919079 0.555570 -0.084649 -0.827150 0.707107 -0.071988 -0.703433 0.831470 -0.056560 -0.552684 0.923880 -0.038960 -0.380695 0.382683 -0.003518 -0.923873 0.555570 -0.003166 -0.831464 0.707107 -0.002693 -0.707102 0.831470 -0.002116 -0.555566 0.923880 -0.001457 -0.382681 0.382683 0.087054 -0.919769 0.555570 0.078347 -0.827770 0.707107 0.066628 -0.703961 0.831470 0.052350 -0.553098 0.923880 0.036059 -0.380981 0.382683 0.176788 -0.906807 0.555570 0.159105 -0.816105 0.707107 0.135308 -0.694040 0.831470 0.106311 -0.545304 0.923880 0.073228 -0.375612 0.382683 0.264819 -0.885112 0.555570 0.238331 -0.796580 0.707107 0.202684 -0.677436 0.831470 0.159248 -0.532258 0.923880 0.109692 -0.366626 0.382683 0.350300 -0.854894 0.555570 0.315262 -0.769384 0.707107 0.268108 -0.654307 0.831470 0.210651 -0.514086 0.923880 0.145099 -0.354109 0.382683 0.432408 -0.816442 0.555570 0.389157 -0.734778 0.707107 0.330951 -0.624877 0.831470 0.260026 -0.490963 0.923880 0.179109 -0.338181 0.382683 0.510351 -0.770127 0.555570 0.459304 -0.693096 0.707107 0.390606 -0.589429 0.831470 0.306897 -0.463112 0.923880 0.211394 -0.318997 0.382683 0.583379 -0.716395 0.555570 0.525027 -0.644739 0.707107 0.446499 -0.548305 0.831470 0.350812 -0.430801 0.923880 0.241644 -0.296741 0.382683 0.650789 -0.655764 0.555570 0.585695 -0.590172 0.707107 0.498092 -0.501900 0.831470 0.391349 -0.394341 0.923880 0.269566 -0.271627 0.382683 0.711931 -0.588818 0.555570 0.640721 -0.529922 0.707107 0.544889 -0.450662 0.831470 0.428116 -0.354083 0.923880 0.294892 -0.243897 0.382683 0.766218 -0.516201 0.555570 0.689578 -0.464569 0.707107 0.586438 -0.395084 0.831470 0.460761 -0.310415 0.923880 0.317378 -0.213818 0.382683 0.813125 -0.438613 0.555570 0.731793 -0.394742 0.707107 0.622339 -0.335700 0.831470 0.488968 -0.263758 0.923880 0.336807 -0.181680 0.382683 0.852201 -0.356801 0.555570 0.766961 -0.321113 0.707107 0.652246 -0.273084 0.831470 0.512467 -0.214561 0.923880 0.352993 -0.147792 0.382683 0.883070 -0.271553 0.555570 0.794742 -0.244391 0.707107 0.675872 -0.207838 0.831470 0.531030 -0.163297 0.923880 0.365780 -0.112481 0.382683 0.905434 -0.183689 0.555570 0.814870 -0.165316 0.707107 0.692990 -0.140590 0.831470 0.544478 -0.110461 0.923880 0.375043 -0.076087 0.382683 0.919079 -0.094057 0.555570 0.827150 -0.084649 0.707107 0.703433 -0.071988 0.831470 0.552684 -0.056560 0.923880 0.380695 -0.038960 0.000000 0.999993 -0.003808 0.000000 1.000000 0.000000 1.000000 0.000000 0.000000 0.923880 -0.382683 0.000000 0.707107 -0.707107 0.000000 0.382683 -0.923880 0.000000 0.000000 -1.000000 0.000000 0.382683 0.923880 0.000000 0.707107 0.707107 0.000000 0.923880 0.382683 0.000000 1.000000 0.000000 0.000000 1.000000 0.000000 0.000000 1.000000 0.000000 0.000000 1.000000 0.000000 0.000000 1.000000 0.000000 0.000000 1.000000 0.000000 0.000000 1.000000 0.000000 0.000000 1.000000 0.000000 0.000000 1.000000 0.000000 0.000000 1.000000 0.000000 0.000000 1.000000 0.000000 0.000000 1.000000 0.000000 0.000000 1.000000 0.000000 0.000000 1.000000 0.000000 0.000000 1.000000 0.000000 0.000000 1.000000 0.000000 0.000000 1.000000 0.000000 0.000000 1.000000 0.000000 0.000000 1.000000 0.000000 0.000000 1.000000 0.000000 0.000000 1.000000 0.000000 0.000000 1.000000 0.000000 0.000000 1.000000 0.000000 0.000000 1.000000 0.000000 0.000000 1.000000 0.000000 0.000000 1.000000 0.000000 0.000000 1.000000 0.000000 0.000000 1.000000 0.000000 0.000000 1.000000 0.000000 0.000000 1.000000 0.000000 0.000000 1.000000 0.000000 0.000000 1.000000 0.000000 0.000000 1.000000 0.000000 0.000000 1.000000 0.000000 0.000000 1.000000 0.000000 0.000000 1.000000 0.000000 0.000000 1.000000 0.000000 0.000000 1.000000 0.000000 0.000000 1.000000 0.000000 0.000000 1.000000 0.000000 0.000000 1.000000 0.000000 0.000000 1.000000 0.000000 0.000000 0.000000 -0.997458 -0.071253 0.000000 -0.989846 -0.142144 0.000000 -0.977202 -0.212312 0.000000 -0.959590 -0.281400 0.000000 -0.937101 -0.349059 0.000000 -0.909848 -0.414943 0.000000 -0.877969 -0.478717 0.000000 -0.841628 -0.540058 0.000000 -0.801008 -0.598654 0.000000 -0.756316 -0.654206 0.000000 -0.707780 -0.706433 0.000000 -0.655645 -0.755069 0.000000 -0.600178 -0.799866 0.000000 -0.541660 -0.840598 0.000000 -0.480388 -0.877056 0.000000 -0.416674 -0.909056 0.000000 -0.350842 -0.936435 0.000000 -0.283227 -0.959053 0.000000 -0.214172 -0.976796 0.000000 -0.144028 -0.989574 0.000000 -0.073152 -0.997321 0.000000 -0.001904 -0.999998 0.000000 0.069354 -0.997592 0.000000 0.140259 -0.990115 0.000000 0.210451 -0.977605 0.000000 0.279573 -0.960124 0.000000 0.347274 -0.937764 0.000000 0.413209 -0.910636 0.000000 0.477045 -0.878879 0.000000 0.538455 -0.842654 0.000000 0.597128 -0.802146 0.000000 0.652765 -0.757560 0.000000 0.705084 -0.709123 0.000000 0.753819 -0.657082 0.000000 0.798722 -0.601700 0.000000 0.839565 -0.543259 0.000000 0.876140 -0.482057 0.000000 0.908261 -0.418404 0.000000 0.935765 -0.352625 0.000000 0.958512 -0.285053 0.000000 0.976386 -0.216031 0.000000 0.989298 -0.145912 0.000000 0.997180 -0.075051 0.555570 0.831464 -0.003166 0.707107 0.707102 -0.002693 0.831470 0.555566 -0.002116 0.923880 0.382681 -0.001457 0.000000 -1.000000 0.000000 0.000000 -1.000000 0.000000 0.000000 1.000000 0.000000 0.000000 1.000000 0.000000 0.000000 -0.999985 -0.005410 0.000000 -0.996933 -0.078264 0.000000 -0.988579 -0.150702 0.000000 -0.974969 -0.222339 0.000000 -0.956176 -0.292794 0.000000 -0.932298 -0.361692 0.000000 -0.903463 -0.428667 0.000000 -0.869824 -0.493362 0.000000 -0.831560 -0.555435 0.000000 -0.788875 -0.614554 0.000000 -0.741995 -0.670405 0.000000 -0.691170 -0.722692 0.000000 -0.636671 -0.771136 0.000000 -0.578785 -0.815480 0.000000 -0.517823 -0.855488 0.000000 -0.454107 -0.890947 0.000000 -0.387976 -0.921669 0.000000 -0.319783 -0.947491 0.000000 -0.249889 -0.968274 0.000000 -0.178667 -0.983910 0.000000 -0.106495 -0.994313 0.000000 -0.033756 -0.999430 0.000000 0.039162 -0.999233 0.000000 0.111872 -0.993723 0.000000 0.183987 -0.982929 0.000000 0.255124 -0.966908 0.000000 0.324904 -0.945747 0.000000 0.392956 -0.919557 0.000000 0.458920 -0.888478 0.000000 0.522443 -0.852674 0.000000 0.583188 -0.812337 0.000000 0.640833 -0.767681 0.000000 0.695070 -0.718942 0.000000 0.745611 -0.666381 0.000000 0.792188 -0.610277 0.000000 0.834553 -0.550928 0.000000 0.872480 -0.488650 0.000000 0.905768 -0.423773 0.000000 0.934241 -0.356643 0.000000 0.957745 -0.287617 0.000000 0.976158 -0.217062 0.000000 0.989380 -0.145352 0.000000 0.997341 -0.072870 0.000000 -1.000000 0.000000 0.000000 1.000000 0.000000 0.000000 0.999993 -0.003808 0.000000 0.997180 -0.075051 0.000000 0.989298 -0.145912 0.000000 0.976386 -0.216031 0.000000 0.958512 -0.285053 0.000000 0.935765 -0.352625 0.000000 0.908261 -0.418404 0.000000 0.876140 -0.482057 0.000000 0.839565 -0.543259 0.000000 0.798722 -0.601700 0.000000 0.753819 -0.657082 0.000000 0.705084 -0.709123 0.000000 0.652765 -0.757560 0.000000 0.597128 -0.802146 0.000000 0.538455 -0.842654 0.000000 0.477045 -0.878879 0.000000 0.413209 -0.910636 0.000000 0.347274 -0.937764 0.000000 0.279573 -0.960124 0.000000 0.210451 -0.977605 0.000000 0.140259 -0.990115 0.000000 0.069354 -0.997592 0.000000 -0.001904 -0.999998 0.000000 -0.073152 -0.997321 0.000000 -0.144028 -0.989574 0.000000 -0.214172 -0.976796 0.000000 -0.283227 -0.959053 0.000000 -0.350842 -0.936435 0.000000 -0.416674 -0.909056 0.000000 -0.480388 -0.877056 0.000000 -0.541660 -0.840598 0.000000 -0.600178 -0.799866 0.000000 -0.655645 -0.755069 0.000000 -0.707780 -0.706433 0.000000 -0.756316 -0.654206 0.000000 -0.801008 -0.598654 0.000000 -0.841628 -0.540058 0.000000 -0.877969 -0.478717 0.000000 -0.909848 -0.414943 0.000000 -0.937101 -0.349059 0.000000 -0.959590 -0.281400 0.000000 -0.977202 -0.212312 0.000000 -0.989846 -0.142144 0.000000 -0.997458 -0.071253</float_array>
          <technique_common>
            <accessor count="1356" offset="0" source="#lib-normal-array-a5fdb100-78e0-41a5-8fcb-a2db310aecc6" stride="3">
              <param name="X" type="float" />
              <param name="Y" type="float" />
              <param name="Z" type="float" />
            </accessor>
          </technique_common>
        </source>
        <source id="lib-map1-a5fdb100-78e0-41a5-8fcb-a2db310aecc6" name="map1">
          <float_array id="lib-map1-array-a5fdb100-78e0-41a5-8fcb-a2db310aecc6" count="2712">0.970335 0.750534 0.969463 0.770060 0.967065 0.789458 0.963154 0.808608 0.957756 0.827393 0.950903 0.845697 0.942638 0.863409 0.933010 0.880418 0.922080 0.896622 0.909915 0.911919 0.896588 0.926217 0.882183 0.939427 0.866787 0.951468 0.850496 0.962266 0.833408 0.971755 0.815630 0.979877 0.797271 0.986581 0.778443 0.991826 0.759262 0.995581 0.739845 0.997822 0.720313 0.998535 0.700785 0.997716 0.681381 0.995370 0.662220 0.991512 0.643421 0.986165 0.625098 0.979361 0.607364 0.971144 0.590329 0.961562 0.574096 0.950676 0.558765 0.938552 0.544432 0.925264 0.531183 0.910895 0.519100 0.895532 0.508258 0.879269 0.498723 0.862208 0.490553 0.844452 0.483799 0.826111 0.478503 0.807297 0.474696 0.788126 0.472403 0.768716 0.471637 0.749185 0.970338 0.749185 0.471640 0.747837 0.472512 0.728311 0.474910 0.708913 0.478821 0.689763 0.484219 0.670978 0.491072 0.652674 0.499337 0.634962 0.508965 0.617952 0.519895 0.601749 0.532060 0.586452 0.545387 0.572154 0.559792 0.558944 0.575188 0.546903 0.591479 0.536105 0.608567 0.526616 0.626345 0.518494 0.644704 0.511790 0.663532 0.506544 0.682713 0.502790 0.702130 0.500549 0.721662 0.499836 0.741190 0.500654 0.760594 0.503000 0.779755 0.506859 0.798554 0.512206 0.816877 0.519009 0.834611 0.527227 0.851646 0.536808 0.867879 0.547695 0.883210 0.559819 0.897543 0.573106 0.910792 0.587476 0.922875 0.602839 0.933717 0.619101 0.943252 0.636163 0.951422 0.653919 0.958176 0.672260 0.963472 0.691074 0.967279 0.710245 0.969572 0.729655 0.117896 0.027989 0.114113 0.027989 0.110329 0.027989 0.106546 0.027989 0.102763 0.027989 0.117896 0.054516 0.114113 0.054516 0.110329 0.054516 0.106546 0.054516 0.102763 0.054516 0.117896 0.081044 0.114113 0.081044 0.110329 0.081044 0.106546 0.081044 0.102763 0.081044 0.117896 0.107571 0.114113 0.107571 0.110329 0.107571 0.106546 0.107571 0.102763 0.107571 0.117896 0.134098 0.114113 0.134098 0.110329 0.134098 0.106546 0.134098 0.102763 0.134098 0.117896 0.160625 0.114113 0.160625 0.110329 0.160625 0.106546 0.160625 0.102763 0.160625 0.117896 0.187153 0.114113 0.187153 0.110329 0.187153 0.106546 0.187153 0.102763 0.187153 0.117896 0.213680 0.114113 0.213680 0.110329 0.213680 0.106546 0.213680 0.102763 0.213680 0.117896 0.240207 0.114113 0.240207 0.110329 0.240207 0.106546 0.240207 0.102763 0.240207 0.117896 0.266735 0.114113 0.266735 0.110329 0.266735 0.106546 0.266735 0.102763 0.266735 0.117896 0.293262 0.114113 0.293262 0.110329 0.293262 0.106546 0.293262 0.102763 0.293262 0.117896 0.319789 0.114113 0.319789 0.110329 0.319789 0.106546 0.319789 0.102763 0.319789 0.117896 0.346316 0.114113 0.346316 0.110329 0.346316 0.106546 0.346316 0.102763 0.346316 0.117896 0.372844 0.114113 0.372844 0.110329 0.372844 0.106546 0.372844 0.102763 0.372844 0.117896 0.399371 0.114113 0.399371 0.110329 0.399371 0.106546 0.399371 0.102763 0.399371 0.117896 0.425898 0.114113 0.425898 0.110329 0.425898 0.106546 0.425898 0.102763 0.425898 0.117896 0.452425 0.114113 0.452425 0.110329 0.452425 0.106546 0.452425 0.102763 0.452425 0.117896 0.478953 0.114113 0.478953 0.110329 0.478953 0.106546 0.478953 0.102763 0.478953 0.117896 0.505480 0.114113 0.505480 0.110329 0.505480 0.106546 0.505480 0.102763 0.505480 0.117896 0.532007 0.114113 0.532007 0.110329 0.532007 0.106546 0.532007 0.102763 0.532007 0.117896 0.558535 0.114113 0.558535 0.110329 0.558535 0.106546 0.558535 0.102763 0.558535 0.117896 0.585062 0.114113 0.585062 0.110329 0.585062 0.106546 0.585062 0.102763 0.585062 0.117896 0.611589 0.114113 0.611589 0.110329 0.611589 0.106546 0.611589 0.102763 0.611589 0.117896 0.638116 0.114113 0.638116 0.110329 0.638116 0.106546 0.638116 0.102763 0.638116 0.117896 0.664644 0.114113 0.664644 0.110329 0.664644 0.106546 0.664644 0.102763 0.664644 0.117896 0.691171 0.114113 0.691171 0.110329 0.691171 0.106546 0.691171 0.102763 0.691171 0.117896 0.717698 0.114113 0.717698 0.110329 0.717698 0.106546 0.717698 0.102763 0.717698 0.117896 0.744226 0.114113 0.744226 0.110329 0.744226 0.106546 0.744226 0.102763 0.744226 0.117896 0.770753 0.114113 0.770753 0.110329 0.770753 0.106546 0.770753 0.102763 0.770753 0.117896 0.797280 0.114113 0.797280 0.110329 0.797280 0.106546 0.797280 0.102763 0.797280 0.117896 0.823807 0.114113 0.823807 0.110329 0.823807 0.106546 0.823807 0.102763 0.823807 0.125463 0.001462 0.125463 0.022647 0.125463 0.043832 0.125463 0.065018 0.125463 0.086203 0.125463 0.107388 0.125463 0.128573 0.125463 0.149759 0.125463 0.170944 0.125463 0.192129 0.125463 0.213315 0.125463 0.234500 0.125463 0.255685 0.125463 0.276870 0.125463 0.298056 0.125463 0.319241 0.125463 0.340426 0.125463 0.361612 0.125463 0.382797 0.125463 0.403982 0.125463 0.425167 0.125463 0.446353 0.125463 0.467538 0.125463 0.488723 0.125463 0.509909 0.125463 0.531094 0.125463 0.552279 0.125463 0.573464 0.125463 0.594650 0.125463 0.615835 0.125463 0.637020 0.125463 0.658206 0.125463 0.679391 0.125463 0.700576 0.125463 0.721761 0.125463 0.742947 0.125463 0.764132 0.125463 0.785317 0.125463 0.806503 0.125463 0.827688 0.125463 0.000000 0.095196 0.000000 0.102763 0.000000 0.110329 0.000000 0.117896 0.000000 0.125463 0.848873 0.117896 0.848873 0.110329 0.848873 0.102763 0.848873 0.095196 0.848873 0.095196 0.001462 0.095196 0.829166 0.095196 0.809459 0.095196 0.789751 0.095196 0.770044 0.095196 0.750337 0.095196 0.730630 0.095196 0.710922 0.095196 0.691215 0.095196 0.671508 0.095196 0.651801 0.095196 0.632093 0.095196 0.612386 0.095196 0.592679 0.095196 0.572972 0.095196 0.553264 0.095196 0.533557 0.095196 0.513850 0.095196 0.494143 0.095196 0.474435 0.095196 0.454728 0.095196 0.435021 0.095196 0.415314 0.095196 0.395607 0.095196 0.375899 0.095196 0.356192 0.095196 0.336485 0.095196 0.316778 0.095196 0.297070 0.095196 0.277363 0.095196 0.257656 0.095196 0.237949 0.095196 0.218241 0.095196 0.198534 0.095196 0.178827 0.095196 0.159120 0.095196 0.139412 0.095196 0.119705 0.095196 0.099998 0.095196 0.080291 0.095196 0.060583 0.095196 0.040876 0.095196 0.021169 0.086164 0.027989 0.082381 0.027989 0.078597 0.027989 0.074814 0.027989 0.071031 0.027989 0.086164 0.054516 0.082381 0.054516 0.078597 0.054516 0.074814 0.054516 0.071031 0.054516 0.086164 0.081044 0.082381 0.081044 0.078597 0.081044 0.074814 0.081044 0.071031 0.081044 0.086164 0.107571 0.082381 0.107571 0.078597 0.107571 0.074814 0.107571 0.071031 0.107571 0.086164 0.134098 0.082381 0.134098 0.078597 0.134098 0.074814 0.134098 0.071031 0.134098 0.086164 0.160625 0.082381 0.160625 0.078597 0.160625 0.074814 0.160625 0.071031 0.160625 0.086164 0.187153 0.082381 0.187153 0.078597 0.187153 0.074814 0.187153 0.071031 0.187153 0.086164 0.213680 0.082381 0.213680 0.078597 0.213680 0.074814 0.213680 0.071031 0.213680 0.086164 0.240207 0.082381 0.240207 0.078597 0.240207 0.074814 0.240207 0.071031 0.240207 0.086164 0.266735 0.082381 0.266735 0.078597 0.266735 0.074814 0.266735 0.071031 0.266735 0.086164 0.293262 0.082381 0.293262 0.078597 0.293262 0.074814 0.293262 0.071031 0.293262 0.086164 0.319789 0.082381 0.319789 0.078597 0.319789 0.074814 0.319789 0.071031 0.319789 0.086164 0.346316 0.082381 0.346316 0.078597 0.346316 0.074814 0.346316 0.071031 0.346316 0.086164 0.372844 0.082381 0.372844 0.078597 0.372844 0.074814 0.372844 0.071031 0.372844 0.086164 0.399371 0.082381 0.399371 0.078597 0.399371 0.074814 0.399371 0.071031 0.399371 0.086164 0.425898 0.082381 0.425898 0.078597 0.425898 0.074814 0.425898 0.071031 0.425898 0.086164 0.452425 0.082381 0.452425 0.078597 0.452425 0.074814 0.452425 0.071031 0.452425 0.086164 0.478953 0.082381 0.478953 0.078597 0.478953 0.074814 0.478953 0.071031 0.478953 0.086164 0.505480 0.082381 0.505480 0.078597 0.505480 0.074814 0.505480 0.071031 0.505480 0.086164 0.532007 0.082381 0.532007 0.078597 0.532007 0.074814 0.532007 0.071031 0.532007 0.086164 0.558535 0.082381 0.558535 0.078597 0.558535 0.074814 0.558535 0.071031 0.558535 0.086164 0.585062 0.082381 0.585062 0.078597 0.585062 0.074814 0.585062 0.071031 0.585062 0.086164 0.611589 0.082381 0.611589 0.078597 0.611589 0.074814 0.611589 0.071031 0.611589 0.086164 0.638116 0.082381 0.638116 0.078597 0.638116 0.074814 0.638116 0.071031 0.638116 0.086164 0.664644 0.082381 0.664644 0.078597 0.664644 0.074814 0.664644 0.071031 0.664644 0.086164 0.691171 0.082381 0.691171 0.078597 0.691171 0.074814 0.691171 0.071031 0.691171 0.086164 0.717698 0.082381 0.717698 0.078597 0.717698 0.074814 0.717698 0.071031 0.717698 0.086164 0.744226 0.082381 0.744226 0.078597 0.744226 0.074814 0.744226 0.071031 0.744226 0.086164 0.770753 0.082381 0.770753 0.078597 0.770753 0.074814 0.770753 0.071031 0.770753 0.086164 0.797280 0.082381 0.797280 0.078597 0.797280 0.074814 0.797280 0.071031 0.797280 0.086164 0.823807 0.082381 0.823807 0.078597 0.823807 0.074814 0.823807 0.071031 0.823807 0.093731 0.848873 0.086164 0.848873 0.078597 0.848873 0.071031 0.848873 0.063464 0.848873 0.063464 0.000000 0.071031 0.000000 0.078597 0.000000 0.086164 0.000000 0.093731 0.001462 0.093731 0.022647 0.093731 0.043832 0.093731 0.065018 0.093731 0.086203 0.093731 0.107388 0.093731 0.128573 0.093731 0.149759 0.093731 0.170944 0.093731 0.192129 0.093731 0.213315 0.093731 0.234500 0.093731 0.255685 0.093731 0.276870 0.093731 0.298056 0.093731 0.319241 0.093731 0.340426 0.093731 0.361612 0.093731 0.382797 0.093731 0.403982 0.093731 0.425167 0.093731 0.446353 0.093731 0.467538 0.093731 0.488723 0.093731 0.509909 0.093731 0.531094 0.093731 0.552279 0.093731 0.573464 0.093731 0.594650 0.093731 0.615835 0.093731 0.637020 0.093731 0.658206 0.093731 0.679391 0.093731 0.700576 0.093731 0.721761 0.093731 0.742947 0.093731 0.764132 0.093731 0.785317 0.093731 0.806503 0.093731 0.827688 0.093731 0.000000 0.063464 0.001462 0.063464 0.829166 0.063464 0.809459 0.063464 0.789751 0.063464 0.770044 0.063464 0.750337 0.063464 0.730630 0.063464 0.710922 0.063464 0.691215 0.063464 0.671508 0.063464 0.651801 0.063464 0.632093 0.063464 0.612386 0.063464 0.592679 0.063464 0.572972 0.063464 0.553264 0.063464 0.533557 0.063464 0.513850 0.063464 0.494143 0.063464 0.474435 0.063464 0.454728 0.063464 0.435021 0.063464 0.415314 0.063464 0.395607 0.063464 0.375899 0.063464 0.356192 0.063464 0.336485 0.063464 0.316778 0.063464 0.297070 0.063464 0.277363 0.063464 0.257656 0.063464 0.237949 0.063464 0.218241 0.063464 0.198534 0.063464 0.178827 0.063464 0.159120 0.063464 0.139412 0.063464 0.119705 0.063464 0.099998 0.063464 0.080291 0.063464 0.060583 0.063464 0.040876 0.063464 0.021169 0.470172 0.000000 0.299282 0.000000 0.470172 0.849018 0.299282 0.849018 0.470172 0.001462 0.470172 0.021173 0.470172 0.040883 0.470172 0.060594 0.470172 0.080304 0.470172 0.100015 0.470172 0.119726 0.470172 0.139436 0.470172 0.159147 0.470172 0.178857 0.470172 0.198568 0.470172 0.218279 0.470172 0.237989 0.470172 0.257700 0.470172 0.277410 0.470172 0.297121 0.470172 0.316832 0.470172 0.336542 0.470172 0.356253 0.470172 0.375964 0.470172 0.395674 0.470172 0.415385 0.470172 0.435095 0.470172 0.454806 0.470172 0.474517 0.470172 0.494227 0.470172 0.513938 0.470172 0.533648 0.470172 0.553359 0.470172 0.573070 0.470172 0.592780 0.470172 0.612491 0.470172 0.632201 0.470172 0.651912 0.470172 0.671623 0.470172 0.691333 0.470172 0.711044 0.470172 0.730754 0.470172 0.750465 0.470172 0.770176 0.470172 0.789886 0.470172 0.809597 0.470172 0.829307 0.299282 0.847989 0.299282 0.828716 0.299282 0.809444 0.299282 0.790172 0.299282 0.770899 0.299282 0.751627 0.299282 0.732354 0.299282 0.713082 0.299282 0.693809 0.299282 0.674537 0.299282 0.655264 0.299282 0.635992 0.299282 0.616719 0.299282 0.597447 0.299282 0.578174 0.299282 0.558902 0.299282 0.539629 0.299282 0.520357 0.299282 0.501084 0.299282 0.481812 0.299282 0.462539 0.299282 0.443267 0.299282 0.423994 0.299282 0.404722 0.299282 0.385450 0.299282 0.366177 0.299282 0.346905 0.299282 0.327632 0.299282 0.308360 0.299282 0.289087 0.299282 0.269815 0.299282 0.250542 0.299282 0.231270 0.299282 0.211997 0.299282 0.192725 0.299282 0.173452 0.299282 0.154180 0.299282 0.134907 0.299282 0.115635 0.299282 0.096362 0.299282 0.077090 0.299282 0.057817 0.299282 0.038545 0.299282 0.019272 0.384727 0.849018 0.384727 0.000000 0.022700 0.026529 0.018917 0.026529 0.015134 0.026529 0.011350 0.026529 0.007567 0.026529 0.022700 0.053057 0.018917 0.053057 0.015134 0.053057 0.011350 0.053057 0.007567 0.053057 0.022700 0.079586 0.018917 0.079586 0.015134 0.079586 0.011350 0.079586 0.007567 0.079586 0.022700 0.106115 0.018917 0.106115 0.015134 0.106115 0.011350 0.106115 0.007567 0.106115 0.022700 0.132643 0.018917 0.132643 0.015134 0.132643 0.011350 0.132643 0.007567 0.132643 0.022700 0.159172 0.018917 0.159172 0.015134 0.159172 0.011350 0.159172 0.007567 0.159172 0.022700 0.185701 0.018917 0.185701 0.015134 0.185701 0.011350 0.185701 0.007567 0.185701 0.022700 0.212229 0.018917 0.212229 0.015134 0.212229 0.011350 0.212229 0.007567 0.212229 0.022700 0.238758 0.018917 0.238758 0.015134 0.238758 0.011350 0.238758 0.007567 0.238758 0.022700 0.265286 0.018917 0.265286 0.015134 0.265286 0.011350 0.265286 0.007567 0.265286 0.022700 0.291815 0.018917 0.291815 0.015134 0.291815 0.011350 0.291815 0.007567 0.291815 0.022700 0.318344 0.018917 0.318344 0.015134 0.318344 0.011350 0.318344 0.007567 0.318344 0.022700 0.344872 0.018917 0.344872 0.015134 0.344872 0.011350 0.344872 0.007567 0.344872 0.022700 0.371401 0.018917 0.371401 0.015134 0.371401 0.011350 0.371401 0.007567 0.371401 0.022700 0.397930 0.018917 0.397930 0.015134 0.397930 0.011350 0.397930 0.007567 0.397930 0.022700 0.424458 0.018917 0.424458 0.015134 0.424458 0.011350 0.424458 0.007567 0.424458 0.022700 0.450987 0.018917 0.450987 0.015134 0.450987 0.011350 0.450987 0.007567 0.450987 0.022700 0.477516 0.018917 0.477516 0.015134 0.477516 0.011350 0.477516 0.007567 0.477516 0.022700 0.504044 0.018917 0.504044 0.015134 0.504044 0.011350 0.504044 0.007567 0.504044 0.022700 0.530573 0.018917 0.530573 0.015134 0.530573 0.011350 0.530573 0.007567 0.530573 0.022700 0.557102 0.018917 0.557102 0.015134 0.557102 0.011350 0.557102 0.007567 0.557102 0.022700 0.583630 0.018917 0.583630 0.015134 0.583630 0.011350 0.583630 0.007567 0.583630 0.022700 0.610159 0.018917 0.610159 0.015134 0.610159 0.011350 0.610159 0.007567 0.610159 0.022700 0.636688 0.018917 0.636688 0.015134 0.636688 0.011350 0.636688 0.007567 0.636688 0.022700 0.663216 0.018917 0.663216 0.015134 0.663216 0.011350 0.663216 0.007567 0.663216 0.022700 0.689745 0.018917 0.689745 0.015134 0.689745 0.011350 0.689745 0.007567 0.689745 0.022700 0.716273 0.018917 0.716273 0.015134 0.716273 0.011350 0.716273 0.007567 0.716273 0.022700 0.742802 0.018917 0.742802 0.015134 0.742802 0.011350 0.742802 0.007567 0.742802 0.022700 0.769331 0.018917 0.769331 0.015134 0.769331 0.011350 0.769331 0.007567 0.769331 0.022700 0.795859 0.018917 0.795859 0.015134 0.795859 0.011350 0.795859 0.007567 0.795859 0.022700 0.822388 0.018917 0.822388 0.015134 0.822388 0.011350 0.822388 0.007567 0.822388 0.030267 0.848917 0.030267 0.849946 0.030267 0.001029 0.030267 0.020299 0.030267 0.039569 0.030267 0.058840 0.030267 0.078110 0.030267 0.097380 0.030267 0.116650 0.030267 0.135920 0.030267 0.155190 0.030267 0.174461 0.030267 0.193731 0.030267 0.213001 0.030267 0.232271 0.030267 0.251541 0.030267 0.270811 0.030267 0.290082 0.030267 0.309352 0.030267 0.328622 0.030267 0.347892 0.030267 0.367162 0.030267 0.386432 0.030267 0.405703 0.030267 0.424973 0.030267 0.444243 0.030267 0.463513 0.030267 0.482783 0.030267 0.502053 0.030267 0.521324 0.030267 0.540594 0.030267 0.559864 0.030267 0.579134 0.030267 0.598404 0.030267 0.617675 0.030267 0.636945 0.030267 0.656215 0.030267 0.675485 0.030267 0.694755 0.030267 0.714025 0.030267 0.733296 0.030267 0.752566 0.030267 0.771836 0.030267 0.791106 0.030267 0.810376 0.030267 0.829646 0.000000 0.848917 0.000000 0.828237 0.000000 0.807556 0.000000 0.786876 0.000000 0.766196 0.000000 0.745516 0.000000 0.724836 0.000000 0.704155 0.000000 0.683475 0.000000 0.662795 0.000000 0.642115 0.000000 0.621435 0.000000 0.600754 0.000000 0.580074 0.000000 0.559394 0.000000 0.538714 0.000000 0.518034 0.000000 0.497353 0.000000 0.476673 0.000000 0.455993 0.000000 0.435313 0.000000 0.414633 0.000000 0.393953 0.000000 0.373272 0.000000 0.352592 0.000000 0.331912 0.000000 0.311232 0.000000 0.290552 0.000000 0.269871 0.000000 0.249191 0.000000 0.228511 0.000000 0.207831 0.000000 0.187151 0.000000 0.166470 0.000000 0.145790 0.000000 0.125110 0.000000 0.104430 0.000000 0.083750 0.000000 0.063070 0.000000 0.042389 0.000000 0.021709 0.000000 0.001029 0.000000 0.849946 0.022700 0.849946 0.015134 0.849946 0.007567 0.849946 0.007567 0.001029 0.015134 0.001029 0.022700 0.001029 0.018917 0.848917 0.015134 0.848917 0.011350 0.848917 0.007567 0.848917 0.471637 0.249185 0.472367 0.230121 0.474552 0.211168 0.478180 0.192438 0.483230 0.174040 0.489671 0.156081 0.497466 0.138668 0.506570 0.121902 0.516930 0.105881 0.528484 0.090699 0.541164 0.076445 0.554898 0.063202 0.569604 0.051048 0.585196 0.040053 0.601583 0.030283 0.618669 0.021795 0.636354 0.014637 0.654535 0.008853 0.673104 0.004476 0.691954 0.001531 0.710974 0.000036 0.730052 0.000000 0.749078 0.001422 0.767939 0.004295 0.786525 0.008602 0.804727 0.014317 0.822439 0.021407 0.839558 0.029830 0.855982 0.039538 0.871616 0.050473 0.886368 0.062571 0.900151 0.075761 0.912887 0.089967 0.924498 0.105105 0.934918 0.121087 0.944086 0.137818 0.951948 0.155201 0.958458 0.173135 0.963577 0.191513 0.967276 0.210230 0.969534 0.229174 0.970336 0.248236 0.970338 0.249185 0.969608 0.268250 0.967423 0.287203 0.963795 0.305933 0.958745 0.324331 0.952304 0.342289 0.944509 0.359702 0.935405 0.376469 0.925045 0.392490 0.913491 0.407672 0.900811 0.421926 0.887077 0.435169 0.872371 0.447323 0.856779 0.458317 0.840392 0.468088 0.823306 0.476576 0.805621 0.483733 0.787440 0.489518 0.768871 0.493895 0.750021 0.496840 0.731001 0.498334 0.711923 0.498371 0.692897 0.496948 0.674036 0.494075 0.655450 0.489769 0.637248 0.484054 0.619536 0.476964 0.602417 0.468541 0.585993 0.458833 0.570359 0.447898 0.555607 0.435800 0.541824 0.422609 0.529089 0.408404 0.517477 0.393266 0.507057 0.377284 0.497889 0.360553 0.490027 0.343170 0.483517 0.325236 0.478398 0.306857 0.474699 0.288141 0.472441 0.269196 0.471639 0.250135 0.054432 0.026529 0.050649 0.026529 0.046865 0.026529 0.043082 0.026529 0.039299 0.026529 0.054432 0.053057 0.050649 0.053057 0.046865 0.053057 0.043082 0.053057 0.039299 0.053057 0.054432 0.079586 0.050649 0.079586 0.046865 0.079586 0.043082 0.079586 0.039299 0.079586 0.054432 0.106115 0.050649 0.106115 0.046865 0.106115 0.043082 0.106115 0.039299 0.106115 0.054432 0.132643 0.050649 0.132643 0.046865 0.132643 0.043082 0.132643 0.039299 0.132643 0.054432 0.159172 0.050649 0.159172 0.046865 0.159172 0.043082 0.159172 0.039299 0.159172 0.054432 0.185701 0.050649 0.185701 0.046865 0.185701 0.043082 0.185701 0.039299 0.185701 0.054432 0.212229 0.050649 0.212229 0.046865 0.212229 0.043082 0.212229 0.039299 0.212229 0.054432 0.238758 0.050649 0.238758 0.046865 0.238758 0.043082 0.238758 0.039299 0.238758 0.054432 0.265286 0.050649 0.265286 0.046865 0.265286 0.043082 0.265286 0.039299 0.265286 0.054432 0.291815 0.050649 0.291815 0.046865 0.291815 0.043082 0.291815 0.039299 0.291815 0.054432 0.318344 0.050649 0.318344 0.046865 0.318344 0.043082 0.318344 0.039299 0.318344 0.054432 0.344872 0.050649 0.344872 0.046865 0.344872 0.043082 0.344872 0.039299 0.344872 0.054432 0.371401 0.050649 0.371401 0.046865 0.371401 0.043082 0.371401 0.039299 0.371401 0.054432 0.397930 0.050649 0.397930 0.046865 0.397930 0.043082 0.397930 0.039299 0.397930 0.054432 0.424458 0.050649 0.424458 0.046865 0.424458 0.043082 0.424458 0.039299 0.424458 0.054432 0.450987 0.050649 0.450987 0.046865 0.450987 0.043082 0.450987 0.039299 0.450987 0.054432 0.477516 0.050649 0.477516 0.046865 0.477516 0.043082 0.477516 0.039299 0.477516 0.054432 0.504044 0.050649 0.504044 0.046865 0.504044 0.043082 0.504044 0.039299 0.504044 0.054432 0.530573 0.050649 0.530573 0.046865 0.530573 0.043082 0.530573 0.039299 0.530573 0.054432 0.557102 0.050649 0.557102 0.046865 0.557102 0.043082 0.557102 0.039299 0.557102 0.054432 0.583630 0.050649 0.583630 0.046865 0.583630 0.043082 0.583630 0.039299 0.583630 0.054432 0.610159 0.050649 0.610159 0.046865 0.610159 0.043082 0.610159 0.039299 0.610159 0.054432 0.636688 0.050649 0.636688 0.046865 0.636688 0.043082 0.636688 0.039299 0.636688 0.054432 0.663216 0.050649 0.663216 0.046865 0.663216 0.043082 0.663216 0.039299 0.663216 0.054432 0.689745 0.050649 0.689745 0.046865 0.689745 0.043082 0.689745 0.039299 0.689745 0.054432 0.716273 0.050649 0.716273 0.046865 0.716273 0.043082 0.716273 0.039299 0.716273 0.054432 0.742802 0.050649 0.742802 0.046865 0.742802 0.043082 0.742802 0.039299 0.742802 0.054432 0.769331 0.050649 0.769331 0.046865 0.769331 0.043082 0.769331 0.039299 0.769331 0.054432 0.795859 0.050649 0.795859 0.046865 0.795859 0.043082 0.795859 0.039299 0.795859 0.054432 0.822388 0.050649 0.822388 0.046865 0.822388 0.043082 0.822388 0.039299 0.822388 0.061999 0.848917 0.061999 0.849946 0.031732 0.001029 0.039299 0.001029 0.046865 0.001029 0.054432 0.001029 0.061999 0.001029 0.054432 0.849946 0.046865 0.849946 0.039299 0.849946 0.031732 0.848917 0.031732 0.828237 0.031732 0.807556 0.031732 0.786876 0.031732 0.766196 0.031732 0.745516 0.031732 0.724836 0.031732 0.704155 0.031732 0.683475 0.031732 0.662795 0.031732 0.642115 0.031732 0.621435 0.031732 0.600754 0.031732 0.580074 0.031732 0.559394 0.031732 0.538714 0.031732 0.518034 0.031732 0.497353 0.031732 0.476673 0.031732 0.455993 0.031732 0.435313 0.031732 0.414633 0.031732 0.393953 0.031732 0.373272 0.031732 0.352592 0.031732 0.331912 0.031732 0.311232 0.031732 0.290552 0.031732 0.269871 0.031732 0.249191 0.031732 0.228511 0.031732 0.207831 0.031732 0.187151 0.031732 0.166470 0.031732 0.145790 0.031732 0.125110 0.031732 0.104430 0.031732 0.083750 0.031732 0.063070 0.031732 0.042389 0.031732 0.021709 0.031732 0.849946 0.061999 0.020299 0.061999 0.039569 0.061999 0.058840 0.061999 0.078110 0.061999 0.097380 0.061999 0.116650 0.061999 0.135920 0.061999 0.155190 0.061999 0.174461 0.061999 0.193731 0.061999 0.213001 0.061999 0.232271 0.061999 0.251541 0.061999 0.270811 0.061999 0.290082 0.061999 0.309352 0.061999 0.328622 0.061999 0.347892 0.061999 0.367162 0.061999 0.386432 0.061999 0.405703 0.061999 0.424973 0.061999 0.444243 0.061999 0.463513 0.061999 0.482783 0.061999 0.502053 0.061999 0.521324 0.061999 0.540594 0.061999 0.559864 0.061999 0.579134 0.061999 0.598404 0.061999 0.617675 0.061999 0.636945 0.061999 0.656215 0.061999 0.675485 0.061999 0.694755 0.061999 0.714025 0.061999 0.733296 0.061999 0.752566 0.061999 0.771836 0.061999 0.791106 0.061999 0.810376 0.061999 0.829646 0.050649 0.848917 0.046865 0.848917 0.043082 0.848917 0.039299 0.848917 0.297817 0.000000 0.126928 0.000000 0.297817 0.849018 0.126928 0.849018 0.297817 0.001462 0.297817 0.021173 0.297817 0.040883 0.297817 0.060594 0.297817 0.080304 0.297817 0.100015 0.297817 0.119726 0.297817 0.139436 0.297817 0.159147 0.297817 0.178857 0.297817 0.198568 0.297817 0.218279 0.297817 0.237989 0.297817 0.257700 0.297817 0.277410 0.297817 0.297121 0.297817 0.316832 0.297817 0.336542 0.297817 0.356253 0.297817 0.375964 0.297817 0.395674 0.297817 0.415385 0.297817 0.435095 0.297817 0.454806 0.297817 0.474517 0.297817 0.494227 0.297817 0.513938 0.297817 0.533648 0.297817 0.553359 0.297817 0.573070 0.297817 0.592780 0.297817 0.612491 0.297817 0.632201 0.297817 0.651912 0.297817 0.671623 0.297817 0.691333 0.297817 0.711044 0.297817 0.730754 0.297817 0.750465 0.297817 0.770176 0.297817 0.789886 0.297817 0.809597 0.297817 0.829307 0.212373 0.000000 0.212373 0.849018 0.126928 0.847989 0.126928 0.828716 0.126928 0.809444 0.126928 0.790172 0.126928 0.770899 0.126928 0.751627 0.126928 0.732354 0.126928 0.713082 0.126928 0.693809 0.126928 0.674537 0.126928 0.655264 0.126928 0.635992 0.126928 0.616719 0.126928 0.597447 0.126928 0.578174 0.126928 0.558902 0.126928 0.539629 0.126928 0.520357 0.126928 0.501084 0.126928 0.481812 0.126928 0.462539 0.126928 0.443267 0.126928 0.423994 0.126928 0.404722 0.126928 0.385450 0.126928 0.366177 0.126928 0.346905 0.126928 0.327632 0.126928 0.308360 0.126928 0.289087 0.126928 0.269815 0.126928 0.250542 0.126928 0.231270 0.126928 0.211997 0.126928 0.192725 0.126928 0.173452 0.126928 0.154180 0.126928 0.134907 0.126928 0.115635 0.126928 0.096362 0.126928 0.077090 0.126928 0.057817 0.126928 0.038545 0.126928 0.019272</float_array>
          <technique_common>
            <accessor count="1356" offset="0" source="#lib-map1-array-a5fdb100-78e0-41a5-8fcb-a2db310aecc6" stride="2">
              <param name="S" type="float" />
              <param name="T" type="float" />
            </accessor>
          </technique_common>
        </source>
        <vertices id="lib-vertices-a5fdb100-78e0-41a5-8fcb-a2db310aecc6">
          <input semantic="POSITION" source="#lib-position-a5fdb100-78e0-41a5-8fcb-a2db310aecc6" />
        </vertices>
        <triangles count="1968" material="material-a0000000-0000-0000-0000-000000000000">
          <input offset="0" semantic="VERTEX" source="#lib-vertices-a5fdb100-78e0-41a5-8fcb-a2db310aecc6" />
          <input offset="1" semantic="NORMAL" source="#lib-normal-a5fdb100-78e0-41a5-8fcb-a2db310aecc6" />
          <input offset="2" semantic="TEXCOORD" source="#lib-map1-a5fdb100-78e0-41a5-8fcb-a2db310aecc6" />
          <p>49 49 49 48 48 48 47 47 47 51 51 51 50 50 50 49 49 49 47 47 47 46 46 46 0 0 0 0 0 0 44 44 44 42 42 42 44 44 44 43 43 43 42 42 42 46 46 46 45 45 45 44 44 44 0 0 0 46 46 46 44 44 44 42 42 42 20 20 20 19 19 19 49 49 49 0 0 0 51 51 51 58 58 58 57 57 57 0 0 0 0 0 0 59 59 59 58 58 58 56 56 56 0 0 0 57 57 57 59 59 59 0 0 0 60 60 60 0 0 0 49 49 49 47 47 47 0 0 0 55 55 55 53 53 53 54 54 54 53 53 53 55 55 55 53 53 53 51 51 51 0 0 0 53 53 53 52 52 52 51 51 51 0 0 0 56 56 56 55 55 55 39 39 39 42 42 42 40 40 40 38 38 38 37 37 37 42 42 42 36 36 36 42 42 42 37 37 37 39 39 39 38 38 38 42 42 42 34 34 34 42 42 42 35 35 35 33 33 33 32 32 32 42 42 42 33 33 33 42 42 42 34 34 34 42 42 42 32 32 32 31 31 31 42 42 42 36 36 36 35 35 35 30 30 30 29 29 29 42 42 42 29 29 29 28 28 28 42 42 42 26 26 26 42 42 42 27 27 27 42 42 42 31 31 31 30 30 30 25 25 25 24 24 24 42 42 42 25 25 25 42 42 42 26 26 26 22 22 22 21 21 21 42 42 42 42 42 42 23 23 23 22 22 22 42 42 42 28 28 28 27 27 27 24 24 24 23 23 23 42 42 42 20 20 20 42 42 42 21 21 21 61 61 61 60 60 60 0 0 0 0 0 0 63 63 63 62 62 62 65 65 65 64 64 64 0 0 0 63 63 63 0 0 0 64 64 64 0 0 0 66 66 66 65 65 65 68 68 68 67 67 67 0 0 0 69 69 69 0 0 0 70 70 70 68 68 68 0 0 0 69 69 69 67 67 67 66 66 66 0 0 0 71 71 71 70 70 70 0 0 0 73 73 73 72 72 72 0 0 0 74 74 74 0 0 0 75 75 75 73 73 73 0 0 0 74 74 74 0 0 0 76 76 76 75 75 75 78 78 78 77 77 77 0 0 0 0 0 0 80 80 80 79 79 79 0 0 0 79 79 79 78 78 78 0 0 0 77 77 77 76 76 76 71 71 71 0 0 0 72 72 72 81 81 81 80 80 80 0 0 0 13 13 13 42 42 42 14 14 14 42 42 42 13 13 13 12 12 12 12 12 12 11 11 11 42 42 42 11 11 11 10 10 10 42 42 42 18 18 18 42 42 42 19 19 19 16 16 16 15 15 15 17 17 17 15 15 15 42 42 42 17 17 17 15 15 15 14 14 14 42 42 42 18 18 18 17 17 17 42 42 42 2 2 2 42 42 42 3 3 3 42 42 42 2 2 2 1 1 1 9 9 9 42 42 42 10 10 10 5 5 5 3 3 3 42 42 42 8 8 8 7 7 7 9 9 9 7 7 7 42 42 42 9 9 9 7 7 7 6 6 6 42 42 42 5 5 5 42 42 42 6 6 6 5 5 5 4 4 4 3 3 3 42 42 42 1 1 1 0 0 0 0 0 0 41 41 41 81 81 81 0 0 0 62 62 62 61 61 61 88 88 88 83 83 83 82 82 82 89 89 89 84 84 84 88 88 88 90 90 90 85 85 85 84 84 84 91 91 91 86 86 86 90 90 90 93 93 93 88 88 88 92 92 92 94 94 94 89 89 89 93 93 93 95 95 95 90 90 90 89 89 89 96 96 96 91 91 91 95 95 95 98 98 98 93 93 93 92 92 92 99 99 99 94 94 94 93 93 93 100 100 100 95 95 95 94 94 94 101 101 101 96 96 96 95 95 95 103 103 103 98 98 98 102 102 102 104 104 104 99 99 99 103 103 103 105 105 105 100 100 100 99 99 99 106 106 106 101 101 101 100 100 100 108 108 108 103 103 103 107 107 107 109 109 109 104 104 104 103 103 103 110 110 110 105 105 105 109 109 109 111 111 111 106 106 106 105 105 105 113 113 113 108 108 108 112 112 112 114 114 114 109 109 109 108 108 108 115 115 115 110 110 110 114 114 114 116 116 116 111 111 111 110 110 110 118 118 118 113 113 113 117 117 117 119 119 119 114 114 114 113 113 113 120 120 120 115 115 115 114 114 114 121 121 121 116 116 116 120 120 120 123 123 123 118 118 118 117 117 117 124 124 124 119 119 119 123 123 123 125 125 125 120 120 120 119 119 119 126 126 126 121 121 121 125 125 125 128 128 128 123 123 123 122 122 122 129 129 129 124 124 124 128 128 128 130 130 130 125 125 125 124 124 124 131 131 131 126 126 126 130 130 130 133 133 133 128 128 128 132 132 132 134 134 134 129 129 129 133 133 133 135 135 135 130 130 130 129 129 129 136 136 136 131 131 131 135 135 135 138 138 138 133 133 133 132 132 132 139 139 139 134 134 134 138 138 138 140 140 140 135 135 135 134 134 134 141 141 141 136 136 136 140 140 140 143 143 143 138 138 138 137 137 137 144 144 144 139 139 139 143 143 143 145 145 145 140 140 140 139 139 139 146 146 146 141 141 141 145 145 145 148 148 148 143 143 143 147 147 147 149 149 149 144 144 144 148 148 148 150 150 150 145 145 145 149 149 149 151 151 151 146 146 146 145 145 145 153 153 153 148 148 148 152 152 152 154 154 154 149 149 149 153 153 153 155 155 155 150 150 150 149 149 149 156 156 156 151 151 151 150 150 150 158 158 158 153 153 153 157 157 157 159 159 159 154 154 154 153 153 153 160 160 160 155 155 155 154 154 154 161 161 161 156 156 156 155 155 155 163 163 163 158 158 158 162 162 162 164 164 164 159 159 159 163 163 163 165 165 165 160 160 160 159 159 159 166 166 166 161 161 161 165 165 165 168 168 168 163 163 163 162 162 162 169 169 169 164 164 164 168 168 168 170 170 170 165 165 165 164 164 164 171 171 171 166 166 166 170 170 170 173 173 173 168 168 168 172 172 172 174 174 174 169 169 169 173 173 173 175 175 175 170 170 170 169 169 169 176 176 176 171 171 171 175 175 175 178 178 178 173 173 173 172 172 172 179 179 179 174 174 174 173 173 173 180 180 180 175 175 175 174 174 174 181 181 181 176 176 176 175 175 175 183 183 183 178 178 178 182 182 182 184 184 184 179 179 179 183 183 183 185 185 185 180 180 180 179 179 179 186 186 186 181 181 181 180 180 180 188 188 188 183 183 183 187 187 187 189 189 189 184 184 184 183 183 183 190 190 190 185 185 185 189 189 189 191 191 191 186 186 186 185 185 185 193 193 193 188 188 188 192 192 192 194 194 194 189 189 189 188 188 188 195 195 195 190 190 190 194 194 194 196 196 196 191 191 191 190 190 190 198 198 198 193 193 193 197 197 197 199 199 199 194 194 194 193 193 193 200 200 200 195 195 195 194 194 194 201 201 201 196 196 196 200 200 200 203 203 203 198 198 198 197 197 197 204 204 204 199 199 199 203 203 203 205 205 205 200 200 200 199 199 199 206 206 206 201 201 201 205 205 205 208 208 208 203 203 203 202 202 202 209 209 209 204 204 204 208 208 208 210 210 210 205 205 205 204 204 204 211 211 211 206 206 206 210 210 210 213 213 213 208 208 208 212 212 212 214 214 214 209 209 209 213 213 213 215 215 215 210 210 210 209 209 209 216 216 216 211 211 211 215 215 215 218 218 218 213 213 213 212 212 212 219 219 219 214 214 214 218 218 218 220 220 220 215 215 215 214 214 214 221 221 221 216 216 216 220 220 220 223 223 223 218 218 218 217 217 217 224 224 224 219 219 219 223 223 223 225 225 225 220 220 220 219 219 219 226 226 226 221 221 221 225 225 225 228 228 228 223 223 223 227 227 227 229 229 229 224 224 224 228 228 228 230 230 230 225 225 225 229 229 229 231 231 231 226 226 226 225 225 225 233 233 233 228 228 228 232 232 232 234 234 234 229 229 229 233 233 233 235 235 235 230 230 230 229 229 229 236 236 236 231 231 231 230 230 230 281 281 281 277 277 277 237 237 237 82 82 82 238 238 238 239 239 239 87 87 87 239 239 239 240 240 240 281 281 281 237 237 237 238 238 238 241 241 241 242 242 242 97 97 97 102 102 102 243 243 243 244 244 244 107 107 107 244 244 244 245 245 245 242 242 242 243 243 243 97 97 97 240 240 240 241 241 241 92 92 92 83 83 83 281 281 281 82 82 82 82 82 82 281 281 281 238 238 238 84 84 84 280 280 280 83 83 83 281 281 281 83 83 83 280 280 280 85 85 85 280 280 280 84 84 84 87 87 87 82 82 82 239 239 239 102 102 102 244 244 244 107 107 107 112 112 112 107 107 107 245 245 245 246 246 246 247 247 247 117 117 117 122 122 122 248 248 248 249 249 249 127 127 127 249 249 249 250 250 250 247 247 247 248 248 248 117 117 117 251 251 251 252 252 252 137 137 137 142 142 142 253 253 253 254 254 254 147 147 147 254 254 254 255 255 255 252 252 252 253 253 253 137 137 137 250 250 250 251 251 251 132 132 132 127 127 127 122 122 122 249 249 249 147 147 147 142 142 142 254 254 254 152 152 152 147 147 147 255 255 255 86 86 86 279 279 279 85 85 85 280 280 280 85 85 85 279 279 279 279 279 279 86 86 86 329 329 329 278 278 278 279 279 279 287 287 287 86 86 86 91 91 91 328 328 328 91 91 91 96 96 96 327 327 327 101 101 101 106 106 106 324 324 324 106 106 106 111 111 111 323 323 323 96 96 96 101 101 101 325 325 325 111 111 111 116 116 116 321 321 321 279 279 279 329 329 329 287 287 287 328 328 328 329 329 329 86 86 86 101 101 101 324 324 324 325 325 325 321 321 321 116 116 116 320 320 320 121 121 121 126 126 126 319 319 319 320 320 320 121 121 121 319 319 319 126 126 126 131 131 131 317 317 317 116 116 116 121 121 121 320 320 320 131 131 131 136 136 136 316 316 316 141 141 141 146 146 146 313 313 313 146 146 146 151 151 151 312 312 312 136 136 136 141 141 141 315 315 315 151 151 151 156 156 156 310 310 310 316 316 316 317 317 317 131 131 131 146 146 146 312 312 312 313 313 313 156 156 156 309 309 309 310 310 310 161 161 161 309 309 309 156 156 156 157 157 157 152 152 152 256 256 256 257 257 257 258 258 258 157 157 157 167 167 167 259 259 259 260 260 260 260 260 260 261 261 261 172 172 172 162 162 162 258 258 258 259 259 259 262 262 262 263 263 263 177 177 177 187 187 187 264 264 264 265 265 265 265 265 265 266 266 266 192 192 192 182 182 182 263 263 263 264 264 264 261 261 261 262 262 262 177 177 177 162 162 162 259 259 259 167 167 167 182 182 182 264 264 264 187 187 187 197 197 197 192 192 192 266 266 266 267 267 267 268 268 268 197 197 197 202 202 202 268 268 268 269 269 269 270 270 270 271 271 271 212 212 212 271 271 271 272 272 272 217 217 217 207 207 207 269 269 269 270 270 270 222 222 222 273 273 273 274 274 274 275 275 275 276 276 276 232 232 232 276 276 276 282 282 282 283 283 283 227 227 227 274 274 274 275 275 275 272 272 272 273 273 273 217 217 217 269 269 269 207 207 207 202 202 202 284 284 284 234 234 234 233 233 233 232 232 232 283 283 283 233 233 233 283 283 283 284 284 284 233 233 233 227 227 227 222 222 222 274 274 274 161 161 161 166 166 166 308 308 308 166 166 166 171 171 171 306 306 306 171 171 171 176 176 176 305 305 305 309 309 309 161 161 161 308 308 308 176 176 176 181 181 181 304 304 304 186 186 186 191 191 191 301 301 301 191 191 191 196 196 196 300 300 300 181 181 181 186 186 186 302 302 302 196 196 196 201 201 201 298 298 298 176 176 176 304 304 304 305 305 305 300 300 300 301 301 301 191 191 191 298 298 298 201 201 201 297 297 297 206 206 206 211 211 211 296 296 296 216 216 216 221 221 221 293 293 293 221 221 221 226 226 226 292 292 292 211 211 211 216 216 216 294 294 294 285 285 285 235 235 235 284 284 284 285 285 285 236 236 236 235 235 235 288 288 288 236 236 236 285 285 285 231 231 231 236 236 236 289 289 289 226 226 226 231 231 231 290 290 290 206 206 206 296 296 296 297 297 297 216 216 216 293 293 293 294 294 294 285 285 285 286 286 286 288 288 288 289 289 289 290 290 290 231 231 231 201 201 201 206 206 206 297 297 297 235 235 235 234 234 234 284 284 284 336 336 336 331 331 331 330 330 330 337 337 337 332 332 332 336 336 336 338 338 338 333 333 333 332 332 332 339 339 339 334 334 334 338 338 338 341 341 341 336 336 336 340 340 340 342 342 342 337 337 337 341 341 341 343 343 343 338 338 338 337 337 337 344 344 344 339 339 339 343 343 343 346 346 346 341 341 341 340 340 340 347 347 347 342 342 342 341 341 341 348 348 348 343 343 343 342 342 342 349 349 349 344 344 344 343 343 343 351 351 351 346 346 346 350 350 350 352 352 352 347 347 347 351 351 351 353 353 353 348 348 348 347 347 347 354 354 354 349 349 349 348 348 348 356 356 356 351 351 351 355 355 355 357 357 357 352 352 352 351 351 351 358 358 358 353 353 353 357 357 357 359 359 359 354 354 354 353 353 353 361 361 361 356 356 356 360 360 360 362 362 362 357 357 357 356 356 356 363 363 363 358 358 358 362 362 362 364 364 364 359 359 359 358 358 358 366 366 366 361 361 361 365 365 365 367 367 367 362 362 362 361 361 361 368 368 368 363 363 363 362 362 362 369 369 369 364 364 364 368 368 368 371 371 371 366 366 366 365 365 365 372 372 372 367 367 367 371 371 371 373 373 373 368 368 368 367 367 367 374 374 374 369 369 369 373 373 373 376 376 376 371 371 371 370 370 370 377 377 377 372 372 372 376 376 376 378 378 378 373 373 373 372 372 372 379 379 379 374 374 374 378 378 378 381 381 381 376 376 376 380 380 380 382 382 382 377 377 377 381 381 381 383 383 383 378 378 378 377 377 377 384 384 384 379 379 379 383 383 383 386 386 386 381 381 381 380 380 380 387 387 387 382 382 382 386 386 386 388 388 388 383 383 383 382 382 382 389 389 389 384 384 384 388 388 388 391 391 391 386 386 386 385 385 385 392 392 392 387 387 387 391 391 391 393 393 393 388 388 388 387 387 387 394 394 394 389 389 389 393 393 393 396 396 396 391 391 391 395 395 395 397 397 397 392 392 392 396 396 396 398 398 398 393 393 393 397 397 397 399 399 399 394 394 394 393 393 393 401 401 401 396 396 396 400 400 400 402 402 402 397 397 397 401 401 401 403 403 403 398 398 398 397 397 397 404 404 404 399 399 399 398 398 398 406 406 406 401 401 401 405 405 405 407 407 407 402 402 402 401 401 401 408 408 408 403 403 403 402 402 402 409 409 409 404 404 404 403 403 403 411 411 411 406 406 406 410 410 410 412 412 412 407 407 407 411 411 411 413 413 413 408 408 408 407 407 407 414 414 414 409 409 409 413 413 413 416 416 416 411 411 411 410 410 410 417 417 417 412 412 412 416 416 416 418 418 418 413 413 413 412 412 412 419 419 419 414 414 414 418 418 418 421 421 421 416 416 416 420 420 420 422 422 422 417 417 417 421 421 421 423 423 423 418 418 418 417 417 417 424 424 424 419 419 419 423 423 423 426 426 426 421 421 421 420 420 420 427 427 427 422 422 422 421 421 421 428 428 428 423 423 423 422 422 422 429 429 429 424 424 424 423 423 423 431 431 431 426 426 426 430 430 430 432 432 432 427 427 427 431 431 431 433 433 433 428 428 428 427 427 427 434 434 434 429 429 429 428 428 428 436 436 436 431 431 431 435 435 435 437 437 437 432 432 432 431 431 431 438 438 438 433 433 433 437 437 437 439 439 439 434 434 434 433 433 433 441 441 441 436 436 436 440 440 440 442 442 442 437 437 437 436 436 436 443 443 443 438 438 438 442 442 442 444 444 444 439 439 439 438 438 438 446 446 446 441 441 441 445 445 445 447 447 447 442 442 442 441 441 441 448 448 448 443 443 443 442 442 442 449 449 449 444 444 444 448 448 448 451 451 451 446 446 446 445 445 445 452 452 452 447 447 447 451 451 451 453 453 453 448 448 448 447 447 447 454 454 454 449 449 449 453 453 453 456 456 456 451 451 451 450 450 450 457 457 457 452 452 452 456 456 456 458 458 458 453 453 453 452 452 452 459 459 459 454 454 454 458 458 458 461 461 461 456 456 456 460 460 460 462 462 462 457 457 457 461 461 461 463 463 463 458 458 458 457 457 457 464 464 464 459 459 459 463 463 463 466 466 466 461 461 461 460 460 460 467 467 467 462 462 462 466 466 466 468 468 468 463 463 463 462 462 462 469 469 469 464 464 464 468 468 468 471 471 471 466 466 466 465 465 465 472 472 472 467 467 467 471 471 471 473 473 473 468 468 468 467 467 467 474 474 474 469 469 469 473 473 473 476 476 476 471 471 471 475 475 475 477 477 477 472 472 472 476 476 476 478 478 478 473 473 473 477 477 477 479 479 479 474 474 474 473 473 473 481 481 481 476 476 476 480 480 480 482 482 482 477 477 477 481 481 481 483 483 483 478 478 478 477 477 477 484 484 484 479 479 479 478 478 478 493 493 493 534 534 534 494 494 494 330 330 330 495 495 495 496 496 496 335 335 335 496 496 496 497 497 497 493 493 493 494 494 494 495 495 495 498 498 498 499 499 499 345 345 345 350 350 350 500 500 500 501 501 501 355 355 355 501 501 501 502 502 502 499 499 499 500 500 500 345 345 345 497 497 497 498 498 498 340 340 340 331 331 331 493 493 493 330 330 330 330 330 330 493 493 493 495 495 495 332 332 332 492 492 492 331 331 331 493 493 493 331 331 331 492 492 492 333 333 333 492 492 492 332 332 332 335 335 335 330 330 330 496 496 496 350 350 350 501 501 501 355 355 355 360 360 360 355 355 355 502 502 502 503 503 503 504 504 504 365 365 365 370 370 370 505 505 505 506 506 506 375 375 375 506 506 506 507 507 507 504 504 504 505 505 505 365 365 365 508 508 508 509 509 509 385 385 385 390 390 390 510 510 510 511 511 511 395 395 395 511 511 511 512 512 512 509 509 509 510 510 510 385 385 385 507 507 507 508 508 508 380 380 380 375 375 375 370 370 370 506 506 506 395 395 395 390 390 390 511 511 511 400 400 400 395 395 395 512 512 512 334 334 334 491 491 491 333 333 333 492 492 492 333 333 333 491 491 491 491 491 491 334 334 334 577 577 577 490 490 490 491 491 491 535 535 535 334 334 334 339 339 339 576 576 576 339 339 339 344 344 344 575 575 575 349 349 349 354 354 354 572 572 572 354 354 354 359 359 359 571 571 571 344 344 344 349 349 349 573 573 573 359 359 359 364 364 364 569 569 569 491 491 491 577 577 577 535 535 535 576 576 576 577 577 577 334 334 334 349 349 349 572 572 572 573 573 573 569 569 569 364 364 364 568 568 568 369 369 369 374 374 374 567 567 567 568 568 568 369 369 369 567 567 567 374 374 374 379 379 379 565 565 565 364 364 364 369 369 369 568 568 568 379 379 379 384 384 384 564 564 564 389 389 389 394 394 394 561 561 561 394 394 394 399 399 399 560 560 560 384 384 384 389 389 389 563 563 563 399 399 399 404 404 404 558 558 558 564 564 564 565 565 565 379 379 379 394 394 394 560 560 560 561 561 561 404 404 404 557 557 557 558 558 558 409 409 409 557 557 557 404 404 404 405 405 405 400 400 400 513 513 513 514 514 514 515 515 515 405 405 405 415 415 415 516 516 516 517 517 517 517 517 517 518 518 518 420 420 420 410 410 410 515 515 515 516 516 516 519 519 519 520 520 520 425 425 425 435 435 435 521 521 521 522 522 522 522 522 522 523 523 523 440 440 440 430 430 430 520 520 520 521 521 521 518 518 518 519 519 519 425 425 425 410 410 410 516 516 516 415 415 415 430 430 430 521 521 521 435 435 435 445 445 445 440 440 440 523 523 523 524 524 524 525 525 525 445 445 445 450 450 450 525 525 525 526 526 526 527 527 527 528 528 528 460 460 460 528 528 528 529 529 529 465 465 465 455 455 455 526 526 526 527 527 527 470 470 470 530 530 530 531 531 531 532 532 532 533 533 533 480 480 480 486 486 486 533 533 533 485 485 485 475 475 475 531 531 531 532 532 532 529 529 529 530 530 530 465 465 465 455 455 455 450 450 450 526 526 526 531 531 531 475 475 475 470 470 470 480 480 480 486 486 486 481 481 481 487 487 487 481 481 481 486 486 486 486 486 486 480 480 480 533 533 533 487 487 487 482 482 482 481 481 481 409 409 409 414 414 414 556 556 556 414 414 414 419 419 419 554 554 554 419 419 419 424 424 424 553 553 553 557 557 557 409 409 409 556 556 556 424 424 424 429 429 429 552 552 552 434 434 434 439 439 439 549 549 549 439 439 439 444 444 444 548 548 548 429 429 429 434 434 434 550 550 550 444 444 444 449 449 449 546 546 546 424 424 424 552 552 552 553 553 553 548 548 548 549 549 549 439 439 439 546 546 546 449 449 449 545 545 545 454 454 454 459 459 459 544 544 544 464 464 464 469 469 469 541 541 541 469 469 469 474 474 474 540 540 540 459 459 459 464 464 464 542 542 542 483 483 483 482 482 482 487 487 487 488 488 488 484 484 484 483 483 483 536 536 536 484 484 484 488 488 488 479 479 479 484 484 484 537 537 537 483 483 483 487 487 487 488 488 488 474 474 474 479 479 479 538 538 538 454 454 454 544 544 544 545 545 545 464 464 464 541 541 541 542 542 542 488 488 488 489 489 489 536 536 536 537 537 537 538 538 538 479 479 479 449 449 449 454 454 454 545 545 545 670 670 670 578 578 578 582 582 582 583 583 583 584 584 584 667 667 667 584 584 584 585 585 585 666 666 666 670 670 670 582 582 582 583 583 583 586 586 586 587 587 587 664 664 664 587 587 587 588 588 588 663 663 663 589 589 589 590 590 590 661 661 661 590 590 590 591 591 591 660 660 660 588 588 588 589 589 589 662 662 662 585 585 585 586 586 586 665 665 665 592 592 592 593 593 593 658 658 658 593 593 593 594 594 594 657 657 657 595 595 595 596 596 596 655 655 655 596 596 596 597 597 597 654 654 654 594 594 594 595 595 595 656 656 656 598 598 598 599 599 599 652 652 652 599 599 599 600 600 600 651 651 651 601 601 601 602 602 602 649 649 649 602 602 602 603 603 603 648 648 648 600 600 600 601 601 601 650 650 650 597 597 597 598 598 598 653 653 653 591 591 591 592 592 592 659 659 659 668 668 668 579 579 579 670 670 670 583 583 583 668 668 668 670 670 670 649 649 649 650 650 650 601 601 601 604 604 604 605 605 605 646 646 646 606 606 606 607 607 607 644 644 644 607 607 607 608 608 608 643 643 643 605 605 605 606 606 606 645 645 645 609 609 609 610 610 610 641 641 641 610 610 610 611 611 611 640 640 640 612 612 612 613 613 613 638 638 638 613 613 613 614 614 614 637 637 637 611 611 611 612 612 612 639 639 639 608 608 608 609 609 609 642 642 642 615 615 615 616 616 616 635 635 635 616 616 616 617 617 617 634 634 634 618 618 618 619 619 619 632 632 632 619 619 619 620 620 620 631 631 631 617 617 617 618 618 618 633 633 633 621 621 621 622 622 622 629 629 629 622 622 622 623 623 623 628 628 628 669 669 669 624 624 624 580 580 580 623 623 623 624 624 624 626 626 626 620 620 620 621 621 621 630 630 630 614 614 614 615 615 615 636 636 636 624 624 624 669 669 669 626 626 626 646 646 646 647 647 647 604 604 604 669 669 669 625 625 625 626 626 626 669 669 669 581 581 581 625 625 625 677 677 677 672 672 672 676 676 676 678 678 678 673 673 673 672 672 672 679 679 679 674 674 674 673 673 673 680 680 680 675 675 675 679 679 679 682 682 682 677 677 677 676 676 676 683 683 683 678 678 678 677 677 677 684 684 684 679 679 679 678 678 678 685 685 685 680 680 680 684 684 684 687 687 687 682 682 682 686 686 686 688 688 688 683 683 683 682 682 682 689 689 689 684 684 684 688 688 688 690 690 690 685 685 685 684 684 684 692 692 692 687 687 687 691 691 691 693 693 693 688 688 688 687 687 687 694 694 694 689 689 689 693 693 693 695 695 695 690 690 690 689 689 689 697 697 697 692 692 692 696 696 696 698 698 698 693 693 693 697 697 697 699 699 699 694 694 694 693 693 693 700 700 700 695 695 695 694 694 694 702 702 702 697 697 697 701 701 701 703 703 703 698 698 698 702 702 702 704 704 704 699 699 699 698 698 698 705 705 705 700 700 700 699 699 699 707 707 707 702 702 702 701 701 701 708 708 708 703 703 703 707 707 707 709 709 709 704 704 704 703 703 703 710 710 710 705 705 705 704 704 704 712 712 712 707 707 707 706 706 706 713 713 713 708 708 708 707 707 707 714 714 714 709 709 709 713 713 713 715 715 715 710 710 710 709 709 709 717 717 717 712 712 712 716 716 716 718 718 718 713 713 713 712 712 712 719 719 719 714 714 714 718 718 718 720 720 720 715 715 715 714 714 714 722 722 722 717 717 717 721 721 721 723 723 723 718 718 718 717 717 717 724 724 724 719 719 719 723 723 723 725 725 725 720 720 720 719 719 719 727 727 727 722 722 722 721 721 721 728 728 728 723 723 723 727 727 727 729 729 729 724 724 724 723 723 723 730 730 730 725 725 725 729 729 729 732 732 732 727 727 727 726 726 726 733 733 733 728 728 728 732 732 732 734 734 734 729 729 729 733 733 733 735 735 735 730 730 730 734 734 734 737 737 737 732 732 732 731 731 731 738 738 738 733 733 733 737 737 737 739 739 739 734 734 734 733 733 733 740 740 740 735 735 735 734 734 734 742 742 742 737 737 737 736 736 736 743 743 743 738 738 738 742 742 742 744 744 744 739 739 739 743 743 743 745 745 745 740 740 740 739 739 739 747 747 747 742 742 742 741 741 741 748 748 748 743 743 743 747 747 747 749 749 749 744 744 744 743 743 743 750 750 750 745 745 745 749 749 749 752 752 752 747 747 747 751 751 751 753 753 753 748 748 748 752 752 752 754 754 754 749 749 749 753 753 753 755 755 755 750 750 750 749 749 749 757 757 757 752 752 752 756 756 756 758 758 758 753 753 753 752 752 752 759 759 759 754 754 754 753 753 753 760 760 760 755 755 755 759 759 759 762 762 762 757 757 757 756 756 756 763 763 763 758 758 758 757 757 757 764 764 764 759 759 759 758 758 758 765 765 765 760 760 760 764 764 764 767 767 767 762 762 762 766 766 766 768 768 768 763 763 763 762 762 762 769 769 769 764 764 764 768 768 768 770 770 770 765 765 765 764 764 764 772 772 772 767 767 767 771 771 771 773 773 773 768 768 768 767 767 767 774 774 774 769 769 769 773 773 773 775 775 775 770 770 770 769 769 769 777 777 777 772 772 772 776 776 776 778 778 778 773 773 773 777 777 777 779 779 779 774 774 774 773 773 773 780 780 780 775 775 775 774 774 774 782 782 782 777 777 777 781 781 781 783 783 783 778 778 778 782 782 782 784 784 784 779 779 779 778 778 778 785 785 785 780 780 780 779 779 779 787 787 787 782 782 782 781 781 781 788 788 788 783 783 783 787 787 787 789 789 789 784 784 784 783 783 783 790 790 790 785 785 785 784 784 784 792 792 792 787 787 787 786 786 786 793 793 793 788 788 788 787 787 787 794 794 794 789 789 789 793 793 793 795 795 795 790 790 790 789 789 789 797 797 797 792 792 792 796 796 796 798 798 798 793 793 793 792 792 792 799 799 799 794 794 794 798 798 798 800 800 800 795 795 795 794 794 794 802 802 802 797 797 797 801 801 801 803 803 803 798 798 798 797 797 797 804 804 804 799 799 799 803 803 803 805 805 805 800 800 800 799 799 799 807 807 807 802 802 802 801 801 801 808 808 808 803 803 803 807 807 807 809 809 809 804 804 804 803 803 803 810 810 810 805 805 805 809 809 809 812 812 812 807 807 807 806 806 806 813 813 813 808 808 808 812 812 812 814 814 814 809 809 809 813 813 813 815 815 815 810 810 810 814 814 814 817 817 817 812 812 812 811 811 811 818 818 818 813 813 813 817 817 817 819 819 819 814 814 814 813 813 813 820 820 820 815 815 815 814 814 814 822 822 822 817 817 817 816 816 816 823 823 823 818 818 818 822 822 822 824 824 824 819 819 819 823 823 823 825 825 825 820 820 820 819 819 819 920 920 920 828 828 828 829 829 829 676 676 676 830 830 830 831 831 831 831 831 831 832 832 832 681 681 681 671 671 671 829 829 829 830 830 830 686 686 686 833 833 833 834 834 834 835 835 835 836 836 836 691 691 691 696 696 696 836 836 836 837 837 837 691 691 691 834 834 834 835 835 835 832 832 832 833 833 833 681 681 681 672 672 672 920 920 920 671 671 671 676 676 676 671 671 671 830 830 830 829 829 829 671 671 671 920 920 920 919 919 919 920 920 920 672 672 672 686 686 686 834 834 834 691 691 691 701 701 701 696 696 696 837 837 837 706 706 706 701 701 701 838 838 838 701 701 701 837 837 837 838 838 838 839 839 839 840 840 840 706 706 706 716 716 716 841 841 841 842 842 842 842 842 842 843 843 843 721 721 721 711 711 711 840 840 840 841 841 841 726 726 726 844 844 844 845 845 845 846 846 846 847 847 847 731 731 731 736 736 736 847 847 847 848 848 848 731 731 731 845 845 845 846 846 846 843 843 843 844 844 844 721 721 721 711 711 711 841 841 841 716 716 716 845 845 845 731 731 731 726 726 726 849 849 849 850 850 850 746 746 746 741 741 741 736 736 736 848 848 848 741 741 741 848 848 848 849 849 849 674 674 674 919 919 919 673 673 673 672 672 672 673 673 673 919 919 919 675 675 675 918 918 918 674 674 674 919 919 919 674 674 674 918 918 918 912 912 912 918 918 918 675 675 675 680 680 680 685 685 685 910 910 910 690 690 690 695 695 695 907 907 907 695 695 695 700 700 700 906 906 906 685 685 685 690 690 690 909 909 909 675 675 675 680 680 680 911 911 911 912 912 912 913 913 913 918 918 918 910 910 910 911 911 911 680 680 680 907 907 907 695 695 695 906 906 906 904 904 904 905 905 905 705 705 705 903 903 903 904 904 904 705 705 705 902 902 902 903 903 903 710 710 710 715 715 715 720 720 720 901 901 901 720 720 720 725 725 725 900 900 900 725 725 725 730 730 730 898 898 898 735 735 735 740 740 740 896 896 896 740 740 740 745 745 745 894 894 894 730 730 730 735 735 735 897 897 897 745 745 745 750 750 750 893 893 893 715 715 715 901 901 901 902 902 902 735 735 735 896 896 896 897 897 897 750 750 750 892 892 892 893 893 893 750 750 750 755 755 755 892 892 892 850 850 850 851 851 851 746 746 746 751 751 751 851 851 851 852 852 852 853 853 853 854 854 854 761 761 761 854 854 854 855 855 855 761 761 761 756 756 756 852 852 852 853 853 853 771 771 771 856 856 856 857 857 857 776 776 776 858 858 858 859 859 859 781 781 781 859 859 859 860 860 860 857 857 857 858 858 858 771 771 771 766 766 766 855 855 855 856 856 856 756 756 756 751 751 751 852 852 852 771 771 771 766 766 766 856 856 856 781 781 781 776 776 776 859 859 859 861 861 861 862 862 862 786 786 786 786 786 786 781 781 781 860 860 860 791 791 791 862 862 862 863 863 863 796 796 796 863 863 863 864 864 864 865 865 865 866 866 866 801 801 801 806 806 806 866 866 866 867 867 867 864 864 864 865 865 865 801 801 801 868 868 868 869 869 869 811 811 811 821 821 821 870 870 870 871 871 871 915 915 915 871 871 871 826 826 826 816 816 816 869 869 869 870 870 870 811 811 811 867 867 867 868 868 868 811 811 811 806 806 806 867 867 867 821 821 821 871 871 871 915 915 915 870 870 870 821 821 821 816 816 816 921 921 921 821 821 821 915 915 915 823 823 823 822 822 822 921 921 921 821 821 821 921 921 921 822 822 822 921 921 921 915 915 915 916 916 916 827 827 827 915 915 915 826 826 826 791 791 791 863 863 863 796 796 796 755 755 755 760 760 760 891 891 891 760 760 760 765 765 765 889 889 889 765 765 765 770 770 770 888 888 888 770 770 770 775 775 775 887 887 887 780 780 780 785 785 785 884 884 884 785 785 785 790 790 790 883 883 883 775 775 775 780 780 780 885 885 885 790 790 790 795 795 795 882 882 882 770 770 770 887 887 887 888 888 888 785 785 785 883 883 883 884 884 884 880 880 880 881 881 881 795 795 795 800 800 800 805 805 805 879 879 879 810 810 810 815 815 815 876 876 876 815 815 815 820 820 820 875 875 875 805 805 805 810 810 810 878 878 878 923 923 923 922 922 922 916 916 916 921 921 921 916 916 916 922 922 922 923 923 923 924 924 924 825 825 825 922 922 922 923 923 923 823 823 823 916 916 916 917 917 917 923 923 923 923 923 923 917 917 917 924 924 924 878 878 878 879 879 879 805 805 805 825 825 825 873 873 873 874 874 874 820 820 820 874 874 874 875 875 875 825 825 825 924 924 924 873 873 873 872 872 872 924 924 924 914 914 914 820 820 820 825 825 825 874 874 874 932 932 932 930 930 930 931 931 931 934 934 934 932 932 932 933 933 933 929 929 929 930 930 930 932 932 932 968 968 968 925 925 925 926 926 926 967 967 967 926 926 926 927 927 927 932 932 932 928 928 928 929 929 929 928 928 928 932 932 932 927 927 927 925 925 925 985 985 985 988 988 988 932 932 932 934 934 934 967 967 967 942 942 942 940 940 940 941 941 941 945 945 945 943 943 943 944 944 944 942 942 942 967 967 967 940 940 940 927 927 927 932 932 932 967 967 967 936 936 936 939 939 939 967 967 967 937 937 937 938 938 938 936 936 936 967 967 967 939 939 939 940 940 940 938 938 938 939 939 939 936 936 936 936 936 936 967 967 967 934 934 934 934 934 934 935 935 935 936 936 936 943 943 943 967 967 967 942 942 942 1000 1000 1000 925 925 925 999 999 999 1006 1006 1006 925 925 925 1005 1005 1005 1004 1004 1004 1005 1005 1005 925 925 925 925 925 925 1006 1006 1006 1007 1007 1007 1003 1003 1003 1004 1004 1004 925 925 925 1001 1001 1001 925 925 925 1000 1000 1000 1003 1003 1003 925 925 925 1002 1002 1002 1001 1001 1001 1002 1002 1002 925 925 925 1007 1007 1007 1008 1008 1008 925 925 925 995 995 995 996 996 996 925 925 925 997 997 997 925 925 925 996 996 996 993 993 993 994 994 994 995 995 995 997 997 997 998 998 998 999 999 999 992 992 992 993 993 993 991 991 991 991 991 991 993 993 993 925 925 925 990 990 990 991 991 991 989 989 989 991 991 991 925 925 925 989 989 989 925 925 925 997 997 997 999 999 999 995 995 995 925 925 925 993 993 993 988 988 988 989 989 989 925 925 925 946 946 946 943 943 943 945 945 945 946 946 946 947 947 947 967 967 967 948 948 948 949 949 949 967 967 967 947 947 947 948 948 948 967 967 967 949 949 949 950 950 950 951 951 951 967 967 967 951 951 951 952 952 952 954 954 954 967 967 967 952 952 952 953 953 953 954 954 954 952 952 952 967 967 967 949 949 949 951 951 951 967 967 967 954 954 954 955 955 955 955 955 955 957 957 957 967 967 967 959 959 959 967 967 967 957 957 957 958 958 958 959 959 959 957 957 957 967 967 967 959 959 959 960 960 960 962 962 962 967 967 967 961 961 961 962 962 962 963 963 963 967 967 967 967 967 967 964 964 964 965 965 965 963 963 963 964 964 964 967 967 967 961 961 961 967 967 967 960 960 960 956 956 956 957 957 957 955 955 955 966 966 966 967 967 967 965 965 965 981 981 981 925 925 925 979 979 979 980 980 980 981 981 981 979 979 979 925 925 925 978 978 978 979 979 979 925 925 925 982 982 982 985 985 985 986 986 986 987 987 987 988 988 988 984 984 984 985 985 985 983 983 983 925 925 925 981 981 981 982 982 982 985 985 985 982 982 982 983 983 983 986 986 986 988 988 988 985 985 985 973 973 973 925 925 925 970 970 970 969 969 969 970 970 970 968 968 968 925 925 925 973 973 973 976 976 976 973 973 973 970 970 970 971 971 971 975 975 975 976 976 976 973 973 973 925 925 925 976 976 976 977 977 977 974 974 974 975 975 975 973 973 973 925 925 925 977 977 977 978 978 978 973 973 973 971 971 971 972 972 972 970 970 970 925 925 925 968 968 968 926 926 926 967 967 967 968 968 968 946 946 946 967 967 967 943 943 943 1015 1015 1015 1010 1010 1010 1014 1014 1014 1016 1016 1016 1011 1011 1011 1010 1010 1010 1017 1017 1017 1012 1012 1012 1011 1011 1011 1018 1018 1018 1013 1013 1013 1017 1017 1017 1020 1020 1020 1015 1015 1015 1014 1014 1014 1021 1021 1021 1016 1016 1016 1015 1015 1015 1022 1022 1022 1017 1017 1017 1016 1016 1016 1023 1023 1023 1018 1018 1018 1022 1022 1022 1025 1025 1025 1020 1020 1020 1024 1024 1024 1026 1026 1026 1021 1021 1021 1020 1020 1020 1027 1027 1027 1022 1022 1022 1026 1026 1026 1028 1028 1028 1023 1023 1023 1022 1022 1022 1030 1030 1030 1025 1025 1025 1029 1029 1029 1031 1031 1031 1026 1026 1026 1025 1025 1025 1032 1032 1032 1027 1027 1027 1031 1031 1031 1033 1033 1033 1028 1028 1028 1027 1027 1027 1035 1035 1035 1030 1030 1030 1034 1034 1034 1036 1036 1036 1031 1031 1031 1035 1035 1035 1037 1037 1037 1032 1032 1032 1031 1031 1031 1038 1038 1038 1033 1033 1033 1032 1032 1032 1040 1040 1040 1035 1035 1035 1039 1039 1039 1041 1041 1041 1036 1036 1036 1040 1040 1040 1042 1042 1042 1037 1037 1037 1036 1036 1036 1043 1043 1043 1038 1038 1038 1037 1037 1037 1045 1045 1045 1040 1040 1040 1039 1039 1039 1046 1046 1046 1041 1041 1041 1045 1045 1045 1047 1047 1047 1042 1042 1042 1041 1041 1041 1048 1048 1048 1043 1043 1043 1042 1042 1042 1050 1050 1050 1045 1045 1045 1044 1044 1044 1051 1051 1051 1046 1046 1046 1045 1045 1045 1052 1052 1052 1047 1047 1047 1051 1051 1051 1053 1053 1053 1048 1048 1048 1047 1047 1047 1055 1055 1055 1050 1050 1050 1054 1054 1054 1056 1056 1056 1051 1051 1051 1050 1050 1050 1057 1057 1057 1052 1052 1052 1056 1056 1056 1058 1058 1058 1053 1053 1053 1052 1052 1052 1060 1060 1060 1055 1055 1055 1059 1059 1059 1061 1061 1061 1056 1056 1056 1055 1055 1055 1062 1062 1062 1057 1057 1057 1061 1061 1061 1063 1063 1063 1058 1058 1058 1057 1057 1057 1065 1065 1065 1060 1060 1060 1059 1059 1059 1066 1066 1066 1061 1061 1061 1065 1065 1065 1067 1067 1067 1062 1062 1062 1061 1061 1061 1068 1068 1068 1063 1063 1063 1067 1067 1067 1070 1070 1070 1065 1065 1065 1064 1064 1064 1071 1071 1071 1066 1066 1066 1070 1070 1070 1072 1072 1072 1067 1067 1067 1071 1071 1071 1073 1073 1073 1068 1068 1068 1072 1072 1072 1075 1075 1075 1070 1070 1070 1069 1069 1069 1076 1076 1076 1071 1071 1071 1075 1075 1075 1077 1077 1077 1072 1072 1072 1071 1071 1071 1078 1078 1078 1073 1073 1073 1072 1072 1072 1080 1080 1080 1075 1075 1075 1074 1074 1074 1081 1081 1081 1076 1076 1076 1080 1080 1080 1082 1082 1082 1077 1077 1077 1081 1081 1081 1083 1083 1083 1078 1078 1078 1077 1077 1077 1085 1085 1085 1080 1080 1080 1079 1079 1079 1086 1086 1086 1081 1081 1081 1085 1085 1085 1087 1087 1087 1082 1082 1082 1081 1081 1081 1088 1088 1088 1083 1083 1083 1087 1087 1087 1090 1090 1090 1085 1085 1085 1089 1089 1089 1091 1091 1091 1086 1086 1086 1090 1090 1090 1092 1092 1092 1087 1087 1087 1091 1091 1091 1093 1093 1093 1088 1088 1088 1087 1087 1087 1095 1095 1095 1090 1090 1090 1094 1094 1094 1096 1096 1096 1091 1091 1091 1090 1090 1090 1097 1097 1097 1092 1092 1092 1091 1091 1091 1098 1098 1098 1093 1093 1093 1097 1097 1097 1100 1100 1100 1095 1095 1095 1094 1094 1094 1101 1101 1101 1096 1096 1096 1095 1095 1095 1102 1102 1102 1097 1097 1097 1096 1096 1096 1103 1103 1103 1098 1098 1098 1102 1102 1102 1105 1105 1105 1100 1100 1100 1104 1104 1104 1106 1106 1106 1101 1101 1101 1100 1100 1100 1107 1107 1107 1102 1102 1102 1106 1106 1106 1108 1108 1108 1103 1103 1103 1102 1102 1102 1110 1110 1110 1105 1105 1105 1109 1109 1109 1111 1111 1111 1106 1106 1106 1105 1105 1105 1112 1112 1112 1107 1107 1107 1111 1111 1111 1113 1113 1113 1108 1108 1108 1107 1107 1107 1115 1115 1115 1110 1110 1110 1114 1114 1114 1116 1116 1116 1111 1111 1111 1115 1115 1115 1117 1117 1117 1112 1112 1112 1111 1111 1111 1118 1118 1118 1113 1113 1113 1112 1112 1112 1120 1120 1120 1115 1115 1115 1119 1119 1119 1121 1121 1121 1116 1116 1116 1120 1120 1120 1122 1122 1122 1117 1117 1117 1116 1116 1116 1123 1123 1123 1118 1118 1118 1117 1117 1117 1125 1125 1125 1120 1120 1120 1119 1119 1119 1126 1126 1126 1121 1121 1121 1125 1125 1125 1127 1127 1127 1122 1122 1122 1121 1121 1121 1128 1128 1128 1123 1123 1123 1122 1122 1122 1130 1130 1130 1125 1125 1125 1124 1124 1124 1131 1131 1131 1126 1126 1126 1125 1125 1125 1132 1132 1132 1127 1127 1127 1131 1131 1131 1133 1133 1133 1128 1128 1128 1127 1127 1127 1135 1135 1135 1130 1130 1130 1134 1134 1134 1136 1136 1136 1131 1131 1131 1130 1130 1130 1137 1137 1137 1132 1132 1132 1136 1136 1136 1138 1138 1138 1133 1133 1133 1132 1132 1132 1140 1140 1140 1135 1135 1135 1139 1139 1139 1141 1141 1141 1136 1136 1136 1135 1135 1135 1142 1142 1142 1137 1137 1137 1141 1141 1141 1143 1143 1143 1138 1138 1138 1137 1137 1137 1145 1145 1145 1140 1140 1140 1139 1139 1139 1146 1146 1146 1141 1141 1141 1145 1145 1145 1147 1147 1147 1142 1142 1142 1141 1141 1141 1148 1148 1148 1143 1143 1143 1147 1147 1147 1150 1150 1150 1145 1145 1145 1144 1144 1144 1151 1151 1151 1146 1146 1146 1150 1150 1150 1152 1152 1152 1147 1147 1147 1151 1151 1151 1153 1153 1153 1148 1148 1148 1152 1152 1152 1155 1155 1155 1150 1150 1150 1149 1149 1149 1156 1156 1156 1151 1151 1151 1155 1155 1155 1157 1157 1157 1152 1152 1152 1151 1151 1151 1158 1158 1158 1153 1153 1153 1152 1152 1152 1160 1160 1160 1155 1155 1155 1154 1154 1154 1161 1161 1161 1156 1156 1156 1160 1160 1160 1162 1162 1162 1157 1157 1157 1161 1161 1161 1163 1163 1163 1158 1158 1158 1157 1157 1157 1169 1169 1169 1170 1170 1170 1216 1216 1216 1014 1014 1014 1217 1217 1217 1218 1218 1218 1218 1218 1218 1219 1219 1219 1019 1019 1019 1009 1009 1009 1216 1216 1216 1217 1217 1217 1024 1024 1024 1220 1220 1220 1221 1221 1221 1222 1222 1222 1223 1223 1223 1029 1029 1029 1034 1034 1034 1223 1223 1223 1224 1224 1224 1029 1029 1029 1221 1221 1221 1222 1222 1222 1219 1219 1219 1220 1220 1220 1019 1019 1019 1010 1010 1010 1169 1169 1169 1009 1009 1009 1014 1014 1014 1009 1009 1009 1217 1217 1217 1216 1216 1216 1009 1009 1009 1169 1169 1169 1168 1168 1168 1169 1169 1169 1010 1010 1010 1024 1024 1024 1221 1221 1221 1029 1029 1029 1039 1039 1039 1034 1034 1034 1224 1224 1224 1044 1044 1044 1039 1039 1039 1225 1225 1225 1039 1039 1039 1224 1224 1224 1225 1225 1225 1226 1226 1226 1227 1227 1227 1044 1044 1044 1054 1054 1054 1228 1228 1228 1229 1229 1229 1229 1229 1229 1230 1230 1230 1059 1059 1059 1049 1049 1049 1227 1227 1227 1228 1228 1228 1064 1064 1064 1231 1231 1231 1232 1232 1232 1233 1233 1233 1234 1234 1234 1069 1069 1069 1074 1074 1074 1234 1234 1234 1235 1235 1235 1069 1069 1069 1232 1232 1232 1233 1233 1233 1230 1230 1230 1231 1231 1231 1059 1059 1059 1049 1049 1049 1228 1228 1228 1054 1054 1054 1232 1232 1232 1069 1069 1069 1064 1064 1064 1236 1236 1236 1237 1237 1237 1084 1084 1084 1079 1079 1079 1074 1074 1074 1235 1235 1235 1079 1079 1079 1235 1235 1235 1236 1236 1236 1012 1012 1012 1168 1168 1168 1011 1011 1011 1010 1010 1010 1011 1011 1011 1168 1168 1168 1013 1013 1013 1167 1167 1167 1012 1012 1012 1168 1168 1168 1012 1012 1012 1167 1167 1167 1214 1214 1214 1167 1167 1167 1013 1013 1013 1018 1018 1018 1023 1023 1023 1212 1212 1212 1028 1028 1028 1033 1033 1033 1209 1209 1209 1033 1033 1033 1038 1038 1038 1208 1208 1208 1023 1023 1023 1028 1028 1028 1211 1211 1211 1013 1013 1013 1018 1018 1018 1213 1213 1213 1214 1214 1214 1166 1166 1166 1167 1167 1167 1212 1212 1212 1213 1213 1213 1018 1018 1018 1209 1209 1209 1033 1033 1033 1208 1208 1208 1206 1206 1206 1207 1207 1207 1043 1043 1043 1205 1205 1205 1206 1206 1206 1043 1043 1043 1204 1204 1204 1205 1205 1205 1048 1048 1048 1053 1053 1053 1058 1058 1058 1203 1203 1203 1058 1058 1058 1063 1063 1063 1202 1202 1202 1063 1063 1063 1068 1068 1068 1200 1200 1200 1073 1073 1073 1078 1078 1078 1198 1198 1198 1078 1078 1078 1083 1083 1083 1196 1196 1196 1068 1068 1068 1073 1073 1073 1199 1199 1199 1083 1083 1083 1088 1088 1088 1195 1195 1195 1053 1053 1053 1203 1203 1203 1204 1204 1204 1073 1073 1073 1198 1198 1198 1199 1199 1199 1088 1088 1088 1194 1194 1194 1195 1195 1195 1088 1088 1088 1093 1093 1093 1194 1194 1194 1237 1237 1237 1238 1238 1238 1084 1084 1084 1089 1089 1089 1238 1238 1238 1239 1239 1239 1240 1240 1240 1241 1241 1241 1099 1099 1099 1241 1241 1241 1242 1242 1242 1099 1099 1099 1094 1094 1094 1239 1239 1239 1240 1240 1240 1109 1109 1109 1243 1243 1243 1244 1244 1244 1114 1114 1114 1245 1245 1245 1246 1246 1246 1119 1119 1119 1246 1246 1246 1247 1247 1247 1244 1244 1244 1245 1245 1245 1109 1109 1109 1104 1104 1104 1242 1242 1242 1243 1243 1243 1094 1094 1094 1089 1089 1089 1239 1239 1239 1109 1109 1109 1104 1104 1104 1243 1243 1243 1119 1119 1119 1114 1114 1114 1246 1246 1246 1248 1248 1248 1249 1249 1249 1124 1124 1124 1124 1124 1124 1119 1119 1119 1247 1247 1247 1129 1129 1129 1249 1249 1249 1250 1250 1250 1134 1134 1134 1250 1250 1250 1251 1251 1251 1252 1252 1252 1253 1253 1253 1139 1139 1139 1144 1144 1144 1253 1253 1253 1254 1254 1254 1251 1251 1251 1252 1252 1252 1139 1139 1139 1255 1255 1255 1256 1256 1256 1149 1149 1149 1159 1159 1159 1257 1257 1257 1258 1258 1258 1171 1171 1171 1258 1258 1258 1164 1164 1164 1154 1154 1154 1256 1256 1256 1257 1257 1257 1149 1149 1149 1254 1254 1254 1255 1255 1255 1149 1149 1149 1144 1144 1144 1254 1254 1254 1159 1159 1159 1258 1258 1258 1171 1171 1171 1257 1257 1257 1159 1159 1159 1154 1154 1154 1259 1259 1259 1159 1159 1159 1171 1171 1171 1259 1259 1259 1260 1260 1260 1161 1161 1161 1159 1159 1159 1259 1259 1259 1160 1160 1160 1171 1171 1171 1172 1172 1172 1259 1259 1259 1165 1165 1165 1171 1171 1171 1164 1164 1164 1129 1129 1129 1250 1250 1250 1134 1134 1134 1172 1172 1172 1260 1260 1260 1259 1259 1259 1093 1093 1093 1098 1098 1098 1193 1193 1193 1098 1098 1098 1103 1103 1103 1191 1191 1191 1103 1103 1103 1108 1108 1108 1190 1190 1190 1108 1108 1108 1113 1113 1113 1189 1189 1189 1118 1118 1118 1123 1123 1123 1186 1186 1186 1123 1123 1123 1128 1128 1128 1185 1185 1185 1113 1113 1113 1118 1118 1118 1187 1187 1187 1128 1128 1128 1133 1133 1133 1184 1184 1184 1108 1108 1108 1189 1189 1189 1190 1190 1190 1123 1123 1123 1185 1185 1185 1186 1186 1186 1182 1182 1182 1183 1183 1183 1133 1133 1133 1138 1138 1138 1143 1143 1143 1181 1181 1181 1148 1148 1148 1153 1153 1153 1178 1178 1178 1153 1153 1153 1158 1158 1158 1177 1177 1177 1143 1143 1143 1148 1148 1148 1180 1180 1180 1260 1260 1260 1261 1261 1261 1161 1161 1161 1261 1261 1261 1262 1262 1262 1163 1163 1163 1172 1172 1172 1261 1261 1261 1260 1260 1260 1261 1261 1261 1172 1172 1172 1173 1173 1173 1261 1261 1261 1173 1173 1173 1262 1262 1262 1180 1180 1180 1181 1181 1181 1143 1143 1143 1163 1163 1163 1175 1175 1175 1176 1176 1176 1158 1158 1158 1176 1176 1176 1177 1177 1177 1163 1163 1163 1262 1262 1262 1175 1175 1175 1174 1174 1174 1262 1262 1262 1215 1215 1215 1158 1158 1158 1163 1163 1163 1176 1176 1176 1310 1310 1310 1263 1263 1263 1267 1267 1267 1268 1268 1268 1269 1269 1269 1354 1354 1354 1269 1269 1269 1270 1270 1270 1353 1353 1353 1310 1310 1310 1267 1267 1267 1268 1268 1268 1271 1271 1271 1272 1272 1272 1351 1351 1351 1272 1272 1272 1273 1273 1273 1350 1350 1350 1274 1274 1274 1275 1275 1275 1348 1348 1348 1275 1275 1275 1276 1276 1276 1347 1347 1347 1273 1273 1273 1274 1274 1274 1349 1349 1349 1270 1270 1270 1271 1271 1271 1352 1352 1352 1277 1277 1277 1278 1278 1278 1345 1345 1345 1278 1278 1278 1279 1279 1279 1344 1344 1344 1280 1280 1280 1281 1281 1281 1342 1342 1342 1281 1281 1281 1282 1282 1282 1341 1341 1341 1279 1279 1279 1280 1280 1280 1343 1343 1343 1283 1283 1283 1284 1284 1284 1339 1339 1339 1284 1284 1284 1285 1285 1285 1338 1338 1338 1286 1286 1286 1287 1287 1287 1336 1336 1336 1287 1287 1287 1288 1288 1288 1335 1335 1335 1285 1285 1285 1286 1286 1286 1337 1337 1337 1282 1282 1282 1283 1283 1283 1340 1340 1340 1276 1276 1276 1277 1277 1277 1346 1346 1346 1355 1355 1355 1264 1264 1264 1310 1310 1310 1268 1268 1268 1355 1355 1355 1310 1310 1310 1336 1336 1336 1337 1337 1337 1286 1286 1286 1289 1289 1289 1290 1290 1290 1333 1333 1333 1291 1291 1291 1292 1292 1292 1331 1331 1331 1292 1292 1292 1293 1293 1293 1330 1330 1330 1290 1290 1290 1291 1291 1291 1332 1332 1332 1294 1294 1294 1295 1295 1295 1328 1328 1328 1295 1295 1295 1296 1296 1296 1327 1327 1327 1297 1297 1297 1298 1298 1298 1325 1325 1325 1298 1298 1298 1299 1299 1299 1324 1324 1324 1296 1296 1296 1297 1297 1297 1326 1326 1326 1293 1293 1293 1294 1294 1294 1329 1329 1329 1300 1300 1300 1301 1301 1301 1322 1322 1322 1301 1301 1301 1302 1302 1302 1321 1321 1321 1303 1303 1303 1304 1304 1304 1319 1319 1319 1304 1304 1304 1305 1305 1305 1318 1318 1318 1302 1302 1302 1303 1303 1303 1320 1320 1320 1306 1306 1306 1307 1307 1307 1316 1316 1316 1307 1307 1307 1308 1308 1308 1315 1315 1315 1311 1311 1311 1309 1309 1309 1265 1265 1265 1308 1308 1308 1309 1309 1309 1313 1313 1313 1305 1305 1305 1306 1306 1306 1317 1317 1317 1299 1299 1299 1300 1300 1300 1323 1323 1323 1309 1309 1309 1311 1311 1311 1313 1313 1313 1333 1333 1333 1334 1334 1334 1289 1289 1289 1311 1311 1311 1312 1312 1312 1313 1313 1313 1311 1311 1311 1266 1266 1266 1312 1312 1312 88 88 88 82 82 82 87 87 87 84 84 84 83 83 83 88 88 88 90 90 90 84 84 84 89 89 89 86 86 86 85 85 85 90 90 90 88 88 88 87 87 87 92 92 92 89 89 89 88 88 88 93 93 93 95 95 95 89 89 89 94 94 94 91 91 91 90 90 90 95 95 95 98 98 98 92 92 92 97 97 97 99 99 99 93 93 93 98 98 98 100 100 100 94 94 94 99 99 99 101 101 101 95 95 95 100 100 100 98 98 98 97 97 97 102 102 102 99 99 99 98 98 98 103 103 103 105 105 105 99 99 99 104 104 104 106 106 106 100 100 100 105 105 105 103 103 103 102 102 102 107 107 107 109 109 109 103 103 103 108 108 108 105 105 105 104 104 104 109 109 109 111 111 111 105 105 105 110 110 110 108 108 108 107 107 107 112 112 112 114 114 114 108 108 108 113 113 113 110 110 110 109 109 109 114 114 114 116 116 116 110 110 110 115 115 115 113 113 113 112 112 112 117 117 117 119 119 119 113 113 113 118 118 118 120 120 120 114 114 114 119 119 119 116 116 116 115 115 115 120 120 120 123 123 123 117 117 117 122 122 122 119 119 119 118 118 118 123 123 123 125 125 125 119 119 119 124 124 124 121 121 121 120 120 120 125 125 125 128 128 128 122 122 122 127 127 127 124 124 124 123 123 123 128 128 128 130 130 130 124 124 124 129 129 129 126 126 126 125 125 125 130 130 130 128 128 128 127 127 127 132 132 132 129 129 129 128 128 128 133 133 133 135 135 135 129 129 129 134 134 134 131 131 131 130 130 130 135 135 135 138 138 138 132 132 132 137 137 137 134 134 134 133 133 133 138 138 138 140 140 140 134 134 134 139 139 139 136 136 136 135 135 135 140 140 140 143 143 143 137 137 137 142 142 142 139 139 139 138 138 138 143 143 143 145 145 145 139 139 139 144 144 144 141 141 141 140 140 140 145 145 145 143 143 143 142 142 142 147 147 147 144 144 144 143 143 143 148 148 148 145 145 145 144 144 144 149 149 149 151 151 151 145 145 145 150 150 150 148 148 148 147 147 147 152 152 152 149 149 149 148 148 148 153 153 153 155 155 155 149 149 149 154 154 154 156 156 156 150 150 150 155 155 155 153 153 153 152 152 152 157 157 157 159 159 159 153 153 153 158 158 158 160 160 160 154 154 154 159 159 159 161 161 161 155 155 155 160 160 160 158 158 158 157 157 157 162 162 162 159 159 159 158 158 158 163 163 163 165 165 165 159 159 159 164 164 164 161 161 161 160 160 160 165 165 165 168 168 168 162 162 162 167 167 167 164 164 164 163 163 163 168 168 168 170 170 170 164 164 164 169 169 169 166 166 166 165 165 165 170 170 170 168 168 168 167 167 167 172 172 172 169 169 169 168 168 168 173 173 173 175 175 175 169 169 169 174 174 174 171 171 171 170 170 170 175 175 175 178 178 178 172 172 172 177 177 177 179 179 179 173 173 173 178 178 178 180 180 180 174 174 174 179 179 179 181 181 181 175 175 175 180 180 180 178 178 178 177 177 177 182 182 182 179 179 179 178 178 178 183 183 183 185 185 185 179 179 179 184 184 184 186 186 186 180 180 180 185 185 185 183 183 183 182 182 182 187 187 187 189 189 189 183 183 183 188 188 188 185 185 185 184 184 184 189 189 189 191 191 191 185 185 185 190 190 190 188 188 188 187 187 187 192 192 192 194 194 194 188 188 188 193 193 193 190 190 190 189 189 189 194 194 194 196 196 196 190 190 190 195 195 195 193 193 193 192 192 192 197 197 197 199 199 199 193 193 193 198 198 198 200 200 200 194 194 194 199 199 199 196 196 196 195 195 195 200 200 200 203 203 203 197 197 197 202 202 202 199 199 199 198 198 198 203 203 203 205 205 205 199 199 199 204 204 204 201 201 201 200 200 200 205 205 205 208 208 208 202 202 202 207 207 207 204 204 204 203 203 203 208 208 208 210 210 210 204 204 204 209 209 209 206 206 206 205 205 205 210 210 210 208 208 208 207 207 207 212 212 212 209 209 209 208 208 208 213 213 213 215 215 215 209 209 209 214 214 214 211 211 211 210 210 210 215 215 215 218 218 218 212 212 212 217 217 217 214 214 214 213 213 213 218 218 218 220 220 220 214 214 214 219 219 219 216 216 216 215 215 215 220 220 220 223 223 223 217 217 217 222 222 222 219 219 219 218 218 218 223 223 223 225 225 225 219 219 219 224 224 224 221 221 221 220 220 220 225 225 225 223 223 223 222 222 222 227 227 227 224 224 224 223 223 223 228 228 228 225 225 225 224 224 224 229 229 229 231 231 231 225 225 225 230 230 230 228 228 228 227 227 227 232 232 232 229 229 229 228 228 228 233 233 233 235 235 235 229 229 229 234 234 234 236 236 236 230 230 230 235 235 235 241 241 241 97 97 97 92 92 92 243 243 243 102 102 102 97 97 97 240 240 240 92 92 92 87 87 87 112 112 112 245 245 245 246 246 246 246 246 246 117 117 117 112 112 112 248 248 248 122 122 122 117 117 117 251 251 251 137 137 137 132 132 132 253 253 253 142 142 142 137 137 137 250 250 250 132 132 132 127 127 127 152 152 152 255 255 255 256 256 256 91 91 91 327 327 327 328 328 328 96 96 96 326 326 326 327 327 327 106 106 106 323 323 323 324 324 324 111 111 111 322 322 322 323 323 323 96 96 96 325 325 325 326 326 326 111 111 111 321 321 321 322 322 322 126 126 126 318 318 318 319 319 319 126 126 126 317 317 317 318 318 318 136 136 136 315 315 315 316 316 316 141 141 141 313 313 313 314 314 314 151 151 151 311 311 311 312 312 312 141 141 141 314 314 314 315 315 315 151 151 151 310 310 310 311 311 311 157 157 157 256 256 256 257 257 257 258 258 258 162 162 162 157 157 157 260 260 260 172 172 172 167 167 167 263 263 263 182 182 182 177 177 177 265 265 265 192 192 192 187 187 187 261 261 261 177 177 177 172 172 172 197 197 197 266 266 266 267 267 267 268 268 268 202 202 202 197 197 197 270 270 270 212 212 212 207 207 207 271 271 271 217 217 217 212 212 212 275 275 275 232 232 232 227 227 227 276 276 276 283 283 283 232 232 232 273 273 273 222 222 222 217 217 217 166 166 166 307 307 307 308 308 308 166 166 166 306 306 306 307 307 307 171 171 171 305 305 305 306 306 306 181 181 181 303 303 303 304 304 304 186 186 186 301 301 301 302 302 302 196 196 196 299 299 299 300 300 300 181 181 181 302 302 302 303 303 303 196 196 196 298 298 298 299 299 299 211 211 211 295 295 295 296 296 296 221 221 221 292 292 292 293 293 293 226 226 226 291 291 291 292 292 292 211 211 211 294 294 294 295 295 295 236 236 236 288 288 288 289 289 289 226 226 226 290 290 290 291 291 291 336 336 336 330 330 330 335 335 335 332 332 332 331 331 331 336 336 336 338 338 338 332 332 332 337 337 337 334 334 334 333 333 333 338 338 338 336 336 336 335 335 335 340 340 340 337 337 337 336 336 336 341 341 341 343 343 343 337 337 337 342 342 342 339 339 339 338 338 338 343 343 343 346 346 346 340 340 340 345 345 345 347 347 347 341 341 341 346 346 346 348 348 348 342 342 342 347 347 347 349 349 349 343 343 343 348 348 348 346 346 346 345 345 345 350 350 350 347 347 347 346 346 346 351 351 351 353 353 353 347 347 347 352 352 352 354 354 354 348 348 348 353 353 353 351 351 351 350 350 350 355 355 355 357 357 357 351 351 351 356 356 356 353 353 353 352 352 352 357 357 357 359 359 359 353 353 353 358 358 358 356 356 356 355 355 355 360 360 360 362 362 362 356 356 356 361 361 361 358 358 358 357 357 357 362 362 362 364 364 364 358 358 358 363 363 363 361 361 361 360 360 360 365 365 365 367 367 367 361 361 361 366 366 366 368 368 368 362 362 362 367 367 367 364 364 364 363 363 363 368 368 368 371 371 371 365 365 365 370 370 370 367 367 367 366 366 366 371 371 371 373 373 373 367 367 367 372 372 372 369 369 369 368 368 368 373 373 373 376 376 376 370 370 370 375 375 375 372 372 372 371 371 371 376 376 376 378 378 378 372 372 372 377 377 377 374 374 374 373 373 373 378 378 378 376 376 376 375 375 375 380 380 380 377 377 377 376 376 376 381 381 381 383 383 383 377 377 377 382 382 382 379 379 379 378 378 378 383 383 383 386 386 386 380 380 380 385 385 385 382 382 382 381 381 381 386 386 386 388 388 388 382 382 382 387 387 387 384 384 384 383 383 383 388 388 388 391 391 391 385 385 385 390 390 390 387 387 387 386 386 386 391 391 391 393 393 393 387 387 387 392 392 392 389 389 389 388 388 388 393 393 393 391 391 391 390 390 390 395 395 395 392 392 392 391 391 391 396 396 396 393 393 393 392 392 392 397 397 397 399 399 399 393 393 393 398 398 398 396 396 396 395 395 395 400 400 400 397 397 397 396 396 396 401 401 401 403 403 403 397 397 397 402 402 402 404 404 404 398 398 398 403 403 403 401 401 401 400 400 400 405 405 405 407 407 407 401 401 401 406 406 406 408 408 408 402 402 402 407 407 407 409 409 409 403 403 403 408 408 408 406 406 406 405 405 405 410 410 410 407 407 407 406 406 406 411 411 411 413 413 413 407 407 407 412 412 412 409 409 409 408 408 408 413 413 413 416 416 416 410 410 410 415 415 415 412 412 412 411 411 411 416 416 416 418 418 418 412 412 412 417 417 417 414 414 414 413 413 413 418 418 418 416 416 416 415 415 415 420 420 420 417 417 417 416 416 416 421 421 421 423 423 423 417 417 417 422 422 422 419 419 419 418 418 418 423 423 423 426 426 426 420 420 420 425 425 425 427 427 427 421 421 421 426 426 426 428 428 428 422 422 422 427 427 427 429 429 429 423 423 423 428 428 428 426 426 426 425 425 425 430 430 430 427 427 427 426 426 426 431 431 431 433 433 433 427 427 427 432 432 432 434 434 434 428 428 428 433 433 433 431 431 431 430 430 430 435 435 435 437 437 437 431 431 431 436 436 436 433 433 433 432 432 432 437 437 437 439 439 439 433 433 433 438 438 438 436 436 436 435 435 435 440 440 440 442 442 442 436 436 436 441 441 441 438 438 438 437 437 437 442 442 442 444 444 444 438 438 438 443 443 443 441 441 441 440 440 440 445 445 445 447 447 447 441 441 441 446 446 446 448 448 448 442 442 442 447 447 447 444 444 444 443 443 443 448 448 448 451 451 451 445 445 445 450 450 450 447 447 447 446 446 446 451 451 451 453 453 453 447 447 447 452 452 452 449 449 449 448 448 448 453 453 453 456 456 456 450 450 450 455 455 455 452 452 452 451 451 451 456 456 456 458 458 458 452 452 452 457 457 457 454 454 454 453 453 453 458 458 458 456 456 456 455 455 455 460 460 460 457 457 457 456 456 456 461 461 461 463 463 463 457 457 457 462 462 462 459 459 459 458 458 458 463 463 463 466 466 466 460 460 460 465 465 465 462 462 462 461 461 461 466 466 466 468 468 468 462 462 462 467 467 467 464 464 464 463 463 463 468 468 468 471 471 471 465 465 465 470 470 470 467 467 467 466 466 466 471 471 471 473 473 473 467 467 467 472 472 472 469 469 469 468 468 468 473 473 473 471 471 471 470 470 470 475 475 475 472 472 472 471 471 471 476 476 476 473 473 473 472 472 472 477 477 477 479 479 479 473 473 473 478 478 478 476 476 476 475 475 475 480 480 480 477 477 477 476 476 476 481 481 481 483 483 483 477 477 477 482 482 482 484 484 484 478 478 478 483 483 483 498 498 498 345 345 345 340 340 340 500 500 500 350 350 350 345 345 345 497 497 497 340 340 340 335 335 335 360 360 360 502 502 502 503 503 503 503 503 503 365 365 365 360 360 360 505 505 505 370 370 370 365 365 365 508 508 508 385 385 385 380 380 380 510 510 510 390 390 390 385 385 385 507 507 507 380 380 380 375 375 375 400 400 400 512 512 512 513 513 513 339 339 339 575 575 575 576 576 576 344 344 344 574 574 574 575 575 575 354 354 354 571 571 571 572 572 572 359 359 359 570 570 570 571 571 571 344 344 344 573 573 573 574 574 574 359 359 359 569 569 569 570 570 570 374 374 374 566 566 566 567 567 567 374 374 374 565 565 565 566 566 566 384 384 384 563 563 563 564 564 564 389 389 389 561 561 561 562 562 562 399 399 399 559 559 559 560 560 560 389 389 389 562 562 562 563 563 563 399 399 399 558 558 558 559 559 559 405 405 405 513 513 513 514 514 514 515 515 515 410 410 410 405 405 405 517 517 517 420 420 420 415 415 415 520 520 520 430 430 430 425 425 425 522 522 522 440 440 440 435 435 435 518 518 518 425 425 425 420 420 420 445 445 445 523 523 523 524 524 524 525 525 525 450 450 450 445 445 445 527 527 527 460 460 460 455 455 455 528 528 528 465 465 465 460 460 460 532 532 532 480 480 480 475 475 475 530 530 530 470 470 470 465 465 465 414 414 414 555 555 555 556 556 556 414 414 414 554 554 554 555 555 555 419 419 419 553 553 553 554 554 554 429 429 429 551 551 551 552 552 552 434 434 434 549 549 549 550 550 550 444 444 444 547 547 547 548 548 548 429 429 429 550 550 550 551 551 551 444 444 444 546 546 546 547 547 547 459 459 459 543 543 543 544 544 544 469 469 469 540 540 540 541 541 541 474 474 474 539 539 539 540 540 540 459 459 459 542 542 542 543 543 543 484 484 484 536 536 536 537 537 537 474 474 474 538 538 538 539 539 539 583 583 583 667 667 667 668 668 668 584 584 584 666 666 666 667 667 667 586 586 586 664 664 664 665 665 665 587 587 587 663 663 663 664 664 664 589 589 589 661 661 661 662 662 662 590 590 590 660 660 660 661 661 661 588 588 588 662 662 662 663 663 663 585 585 585 665 665 665 666 666 666 592 592 592 658 658 658 659 659 659 593 593 593 657 657 657 658 658 658 595 595 595 655 655 655 656 656 656 596 596 596 654 654 654 655 655 655 594 594 594 656 656 656 657 657 657 598 598 598 652 652 652 653 653 653 599 599 599 651 651 651 652 652 652 602 602 602 648 648 648 649 649 649 603 603 603 647 647 647 648 648 648 600 600 600 650 650 650 651 651 651 597 597 597 653 653 653 654 654 654 591 591 591 659 659 659 660 660 660 605 605 605 645 645 645 646 646 646 607 607 607 643 643 643 644 644 644 608 608 608 642 642 642 643 643 643 606 606 606 644 644 644 645 645 645 610 610 610 640 640 640 641 641 641 611 611 611 639 639 639 640 640 640 613 613 613 637 637 637 638 638 638 614 614 614 636 636 636 637 637 637 612 612 612 638 638 638 639 639 639 609 609 609 641 641 641 642 642 642 616 616 616 634 634 634 635 635 635 617 617 617 633 633 633 634 634 634 619 619 619 631 631 631 632 632 632 620 620 620 630 630 630 631 631 631 618 618 618 632 632 632 633 633 633 622 622 622 628 628 628 629 629 629 623 623 623 627 627 627 628 628 628 623 623 623 626 626 626 627 627 627 621 621 621 629 629 629 630 630 630 615 615 615 635 635 635 636 636 636 647 647 647 603 603 603 604 604 604 672 672 672 671 671 671 676 676 676 678 678 678 672 672 672 677 677 677 679 679 679 673 673 673 678 678 678 675 675 675 674 674 674 679 679 679 682 682 682 676 676 676 681 681 681 683 683 683 677 677 677 682 682 682 684 684 684 678 678 678 683 683 683 680 680 680 679 679 679 684 684 684 682 682 682 681 681 681 686 686 686 688 688 688 682 682 682 687 687 687 684 684 684 683 683 683 688 688 688 690 690 690 684 684 684 689 689 689 687 687 687 686 686 686 691 691 691 693 693 693 687 687 687 692 692 692 689 689 689 688 688 688 693 693 693 695 695 695 689 689 689 694 694 694 692 692 692 691 691 691 696 696 696 693 693 693 692 692 692 697 697 697 699 699 699 693 693 693 698 698 698 700 700 700 694 694 694 699 699 699 697 697 697 696 696 696 701 701 701 698 698 698 697 697 697 702 702 702 704 704 704 698 698 698 703 703 703 705 705 705 699 699 699 704 704 704 707 707 707 701 701 701 706 706 706 703 703 703 702 702 702 707 707 707 709 709 709 703 703 703 708 708 708 710 710 710 704 704 704 709 709 709 712 712 712 706 706 706 711 711 711 713 713 713 707 707 707 712 712 712 709 709 709 708 708 708 713 713 713 715 715 715 709 709 709 714 714 714 712 712 712 711 711 711 716 716 716 718 718 718 712 712 712 717 717 717 714 714 714 713 713 713 718 718 718 720 720 720 714 714 714 719 719 719 717 717 717 716 716 716 721 721 721 723 723 723 717 717 717 722 722 722 719 719 719 718 718 718 723 723 723 725 725 725 719 719 719 724 724 724 727 727 727 721 721 721 726 726 726 723 723 723 722 722 722 727 727 727 729 729 729 723 723 723 728 728 728 725 725 725 724 724 724 729 729 729 732 732 732 726 726 726 731 731 731 728 728 728 727 727 727 732 732 732 729 729 729 728 728 728 733 733 733 730 730 730 729 729 729 734 734 734 737 737 737 731 731 731 736 736 736 733 733 733 732 732 732 737 737 737 739 739 739 733 733 733 738 738 738 740 740 740 734 734 734 739 739 739 742 742 742 736 736 736 741 741 741 738 738 738 737 737 737 742 742 742 739 739 739 738 738 738 743 743 743 745 745 745 739 739 739 744 744 744 747 747 747 741 741 741 746 746 746 743 743 743 742 742 742 747 747 747 749 749 749 743 743 743 748 748 748 745 745 745 744 744 744 749 749 749 747 747 747 746 746 746 751 751 751 748 748 748 747 747 747 752 752 752 749 749 749 748 748 748 753 753 753 755 755 755 749 749 749 754 754 754 752 752 752 751 751 751 756 756 756 758 758 758 752 752 752 757 757 757 759 759 759 753 753 753 758 758 758 755 755 755 754 754 754 759 759 759 762 762 762 756 756 756 761 761 761 763 763 763 757 757 757 762 762 762 764 764 764 758 758 758 763 763 763 760 760 760 759 759 759 764 764 764 762 762 762 761 761 761 766 766 766 768 768 768 762 762 762 767 767 767 764 764 764 763 763 763 768 768 768 770 770 770 764 764 764 769 769 769 767 767 767 766 766 766 771 771 771 773 773 773 767 767 767 772 772 772 769 769 769 768 768 768 773 773 773 775 775 775 769 769 769 774 774 774 772 772 772 771 771 771 776 776 776 773 773 773 772 772 772 777 777 777 779 779 779 773 773 773 778 778 778 780 780 780 774 774 774 779 779 779 777 777 777 776 776 776 781 781 781 778 778 778 777 777 777 782 782 782 784 784 784 778 778 778 783 783 783 785 785 785 779 779 779 784 784 784 787 787 787 781 781 781 786 786 786 783 783 783 782 782 782 787 787 787 789 789 789 783 783 783 788 788 788 790 790 790 784 784 784 789 789 789 792 792 792 786 786 786 791 791 791 793 793 793 787 787 787 792 792 792 789 789 789 788 788 788 793 793 793 795 795 795 789 789 789 794 794 794 792 792 792 791 791 791 796 796 796 798 798 798 792 792 792 797 797 797 794 794 794 793 793 793 798 798 798 800 800 800 794 794 794 799 799 799 797 797 797 796 796 796 801 801 801 803 803 803 797 797 797 802 802 802 799 799 799 798 798 798 803 803 803 805 805 805 799 799 799 804 804 804 807 807 807 801 801 801 806 806 806 803 803 803 802 802 802 807 807 807 809 809 809 803 803 803 808 808 808 805 805 805 804 804 804 809 809 809 812 812 812 806 806 806 811 811 811 808 808 808 807 807 807 812 812 812 809 809 809 808 808 808 813 813 813 810 810 810 809 809 809 814 814 814 817 817 817 811 811 811 816 816 816 813 813 813 812 812 812 817 817 817 819 819 819 813 813 813 818 818 818 820 820 820 814 814 814 819 819 819 822 822 822 816 816 816 821 821 821 818 818 818 817 817 817 822 822 822 819 819 819 818 818 818 823 823 823 825 825 825 819 819 819 824 824 824 831 831 831 681 681 681 676 676 676 836 836 836 696 696 696 691 691 691 833 833 833 686 686 686 681 681 681 706 706 706 838 838 838 839 839 839 840 840 840 711 711 711 706 706 706 842 842 842 721 721 721 716 716 716 847 847 847 736 736 736 731 731 731 844 844 844 726 726 726 721 721 721 849 849 849 746 746 746 741 741 741 685 685 685 909 909 909 910 910 910 690 690 690 907 907 907 908 908 908 700 700 700 905 905 905 906 906 906 690 690 690 908 908 908 909 909 909 675 675 675 911 911 911 912 912 912 905 905 905 700 700 700 705 705 705 903 903 903 705 705 705 710 710 710 902 902 902 710 710 710 715 715 715 720 720 720 900 900 900 901 901 901 725 725 725 899 899 899 900 900 900 725 725 725 898 898 898 899 899 899 740 740 740 895 895 895 896 896 896 740 740 740 894 894 894 895 895 895 730 730 730 897 897 897 898 898 898 745 745 745 893 893 893 894 894 894 755 755 755 891 891 891 892 892 892 851 851 851 751 751 751 746 746 746 853 853 853 761 761 761 756 756 756 855 855 855 766 766 766 761 761 761 858 858 858 776 776 776 771 771 771 862 862 862 791 791 791 786 786 786 786 786 786 860 860 860 861 861 861 866 866 866 806 806 806 801 801 801 864 864 864 801 801 801 796 796 796 869 869 869 816 816 816 811 811 811 823 823 823 921 921 921 922 922 922 760 760 760 890 890 890 891 891 891 760 760 760 889 889 889 890 890 890 765 765 765 888 888 888 889 889 889 775 775 775 886 886 886 887 887 887 780 780 780 884 884 884 885 885 885 790 790 790 882 882 882 883 883 883 775 775 775 885 885 885 886 886 886 795 795 795 881 881 881 882 882 882 880 880 880 795 795 795 800 800 800 800 800 800 879 879 879 880 880 880 810 810 810 876 876 876 877 877 877 815 815 815 875 875 875 876 876 876 810 810 810 877 877 877 878 878 878 923 923 923 825 825 825 824 824 824 923 923 923 824 824 824 823 823 823 924 924 924 872 872 872 873 873 873 924 924 924 917 917 917 914 914 914 1010 1010 1010 1009 1009 1009 1014 1014 1014 1016 1016 1016 1010 1010 1010 1015 1015 1015 1017 1017 1017 1011 1011 1011 1016 1016 1016 1013 1013 1013 1012 1012 1012 1017 1017 1017 1020 1020 1020 1014 1014 1014 1019 1019 1019 1021 1021 1021 1015 1015 1015 1020 1020 1020 1022 1022 1022 1016 1016 1016 1021 1021 1021 1018 1018 1018 1017 1017 1017 1022 1022 1022 1020 1020 1020 1019 1019 1019 1024 1024 1024 1026 1026 1026 1020 1020 1020 1025 1025 1025 1022 1022 1022 1021 1021 1021 1026 1026 1026 1028 1028 1028 1022 1022 1022 1027 1027 1027 1025 1025 1025 1024 1024 1024 1029 1029 1029 1031 1031 1031 1025 1025 1025 1030 1030 1030 1027 1027 1027 1026 1026 1026 1031 1031 1031 1033 1033 1033 1027 1027 1027 1032 1032 1032 1030 1030 1030 1029 1029 1029 1034 1034 1034 1031 1031 1031 1030 1030 1030 1035 1035 1035 1037 1037 1037 1031 1031 1031 1036 1036 1036 1038 1038 1038 1032 1032 1032 1037 1037 1037 1035 1035 1035 1034 1034 1034 1039 1039 1039 1036 1036 1036 1035 1035 1035 1040 1040 1040 1042 1042 1042 1036 1036 1036 1041 1041 1041 1043 1043 1043 1037 1037 1037 1042 1042 1042 1045 1045 1045 1039 1039 1039 1044 1044 1044 1041 1041 1041 1040 1040 1040 1045 1045 1045 1047 1047 1047 1041 1041 1041 1046 1046 1046 1048 1048 1048 1042 1042 1042 1047 1047 1047 1050 1050 1050 1044 1044 1044 1049 1049 1049 1051 1051 1051 1045 1045 1045 1050 1050 1050 1047 1047 1047 1046 1046 1046 1051 1051 1051 1053 1053 1053 1047 1047 1047 1052 1052 1052 1050 1050 1050 1049 1049 1049 1054 1054 1054 1056 1056 1056 1050 1050 1050 1055 1055 1055 1052 1052 1052 1051 1051 1051 1056 1056 1056 1058 1058 1058 1052 1052 1052 1057 1057 1057 1055 1055 1055 1054 1054 1054 1059 1059 1059 1061 1061 1061 1055 1055 1055 1060 1060 1060 1057 1057 1057 1056 1056 1056 1061 1061 1061 1063 1063 1063 1057 1057 1057 1062 1062 1062 1065 1065 1065 1059 1059 1059 1064 1064 1064 1061 1061 1061 1060 1060 1060 1065 1065 1065 1067 1067 1067 1061 1061 1061 1066 1066 1066 1063 1063 1063 1062 1062 1062 1067 1067 1067 1070 1070 1070 1064 1064 1064 1069 1069 1069 1066 1066 1066 1065 1065 1065 1070 1070 1070 1067 1067 1067 1066 1066 1066 1071 1071 1071 1068 1068 1068 1067 1067 1067 1072 1072 1072 1075 1075 1075 1069 1069 1069 1074 1074 1074 1071 1071 1071 1070 1070 1070 1075 1075 1075 1077 1077 1077 1071 1071 1071 1076 1076 1076 1078 1078 1078 1072 1072 1072 1077 1077 1077 1080 1080 1080 1074 1074 1074 1079 1079 1079 1076 1076 1076 1075 1075 1075 1080 1080 1080 1077 1077 1077 1076 1076 1076 1081 1081 1081 1083 1083 1083 1077 1077 1077 1082 1082 1082 1085 1085 1085 1079 1079 1079 1084 1084 1084 1081 1081 1081 1080 1080 1080 1085 1085 1085 1087 1087 1087 1081 1081 1081 1086 1086 1086 1083 1083 1083 1082 1082 1082 1087 1087 1087 1085 1085 1085 1084 1084 1084 1089 1089 1089 1086 1086 1086 1085 1085 1085 1090 1090 1090 1087 1087 1087 1086 1086 1086 1091 1091 1091 1093 1093 1093 1087 1087 1087 1092 1092 1092 1090 1090 1090 1089 1089 1089 1094 1094 1094 1096 1096 1096 1090 1090 1090 1095 1095 1095 1097 1097 1097 1091 1091 1091 1096 1096 1096 1093 1093 1093 1092 1092 1092 1097 1097 1097 1100 1100 1100 1094 1094 1094 1099 1099 1099 1101 1101 1101 1095 1095 1095 1100 1100 1100 1102 1102 1102 1096 1096 1096 1101 1101 1101 1098 1098 1098 1097 1097 1097 1102 1102 1102 1100 1100 1100 1099 1099 1099 1104 1104 1104 1106 1106 1106 1100 1100 1100 1105 1105 1105 1102 1102 1102 1101 1101 1101 1106 1106 1106 1108 1108 1108 1102 1102 1102 1107 1107 1107 1105 1105 1105 1104 1104 1104 1109 1109 1109 1111 1111 1111 1105 1105 1105 1110 1110 1110 1107 1107 1107 1106 1106 1106 1111 1111 1111 1113 1113 1113 1107 1107 1107 1112 1112 1112 1110 1110 1110 1109 1109 1109 1114 1114 1114 1111 1111 1111 1110 1110 1110 1115 1115 1115 1117 1117 1117 1111 1111 1111 1116 1116 1116 1118 1118 1118 1112 1112 1112 1117 1117 1117 1115 1115 1115 1114 1114 1114 1119 1119 1119 1116 1116 1116 1115 1115 1115 1120 1120 1120 1122 1122 1122 1116 1116 1116 1121 1121 1121 1123 1123 1123 1117 1117 1117 1122 1122 1122 1125 1125 1125 1119 1119 1119 1124 1124 1124 1121 1121 1121 1120 1120 1120 1125 1125 1125 1127 1127 1127 1121 1121 1121 1126 1126 1126 1128 1128 1128 1122 1122 1122 1127 1127 1127 1130 1130 1130 1124 1124 1124 1129 1129 1129 1131 1131 1131 1125 1125 1125 1130 1130 1130 1127 1127 1127 1126 1126 1126 1131 1131 1131 1133 1133 1133 1127 1127 1127 1132 1132 1132 1130 1130 1130 1129 1129 1129 1134 1134 1134 1136 1136 1136 1130 1130 1130 1135 1135 1135 1132 1132 1132 1131 1131 1131 1136 1136 1136 1138 1138 1138 1132 1132 1132 1137 1137 1137 1135 1135 1135 1134 1134 1134 1139 1139 1139 1141 1141 1141 1135 1135 1135 1140 1140 1140 1137 1137 1137 1136 1136 1136 1141 1141 1141 1143 1143 1143 1137 1137 1137 1142 1142 1142 1145 1145 1145 1139 1139 1139 1144 1144 1144 1141 1141 1141 1140 1140 1140 1145 1145 1145 1147 1147 1147 1141 1141 1141 1146 1146 1146 1143 1143 1143 1142 1142 1142 1147 1147 1147 1150 1150 1150 1144 1144 1144 1149 1149 1149 1146 1146 1146 1145 1145 1145 1150 1150 1150 1147 1147 1147 1146 1146 1146 1151 1151 1151 1148 1148 1148 1147 1147 1147 1152 1152 1152 1155 1155 1155 1149 1149 1149 1154 1154 1154 1151 1151 1151 1150 1150 1150 1155 1155 1155 1157 1157 1157 1151 1151 1151 1156 1156 1156 1158 1158 1158 1152 1152 1152 1157 1157 1157 1160 1160 1160 1154 1154 1154 1159 1159 1159 1156 1156 1156 1155 1155 1155 1160 1160 1160 1157 1157 1157 1156 1156 1156 1161 1161 1161 1163 1163 1163 1157 1157 1157 1162 1162 1162 1218 1218 1218 1019 1019 1019 1014 1014 1014 1223 1223 1223 1034 1034 1034 1029 1029 1029 1220 1220 1220 1024 1024 1024 1019 1019 1019 1044 1044 1044 1225 1225 1225 1226 1226 1226 1227 1227 1227 1049 1049 1049 1044 1044 1044 1229 1229 1229 1059 1059 1059 1054 1054 1054 1234 1234 1234 1074 1074 1074 1069 1069 1069 1231 1231 1231 1064 1064 1064 1059 1059 1059 1236 1236 1236 1084 1084 1084 1079 1079 1079 1023 1023 1023 1211 1211 1211 1212 1212 1212 1028 1028 1028 1209 1209 1209 1210 1210 1210 1038 1038 1038 1207 1207 1207 1208 1208 1208 1028 1028 1028 1210 1210 1210 1211 1211 1211 1013 1013 1013 1213 1213 1213 1214 1214 1214 1207 1207 1207 1038 1038 1038 1043 1043 1043 1205 1205 1205 1043 1043 1043 1048 1048 1048 1204 1204 1204 1048 1048 1048 1053 1053 1053 1058 1058 1058 1202 1202 1202 1203 1203 1203 1063 1063 1063 1201 1201 1201 1202 1202 1202 1063 1063 1063 1200 1200 1200 1201 1201 1201 1078 1078 1078 1197 1197 1197 1198 1198 1198 1078 1078 1078 1196 1196 1196 1197 1197 1197 1068 1068 1068 1199 1199 1199 1200 1200 1200 1083 1083 1083 1195 1195 1195 1196 1196 1196 1093 1093 1093 1193 1193 1193 1194 1194 1194 1238 1238 1238 1089 1089 1089 1084 1084 1084 1240 1240 1240 1099 1099 1099 1094 1094 1094 1242 1242 1242 1104 1104 1104 1099 1099 1099 1245 1245 1245 1114 1114 1114 1109 1109 1109 1249 1249 1249 1129 1129 1129 1124 1124 1124 1124 1124 1124 1247 1247 1247 1248 1248 1248 1253 1253 1253 1144 1144 1144 1139 1139 1139 1251 1251 1251 1139 1139 1139 1134 1134 1134 1256 1256 1256 1154 1154 1154 1149 1149 1149 1259 1259 1259 1161 1161 1161 1160 1160 1160 1098 1098 1098 1192 1192 1192 1193 1193 1193 1098 1098 1098 1191 1191 1191 1192 1192 1192 1103 1103 1103 1190 1190 1190 1191 1191 1191 1113 1113 1113 1188 1188 1188 1189 1189 1189 1118 1118 1118 1186 1186 1186 1187 1187 1187 1128 1128 1128 1184 1184 1184 1185 1185 1185 1113 1113 1113 1187 1187 1187 1188 1188 1188 1133 1133 1133 1183 1183 1183 1184 1184 1184 1182 1182 1182 1133 1133 1133 1138 1138 1138 1138 1138 1138 1181 1181 1181 1182 1182 1182 1148 1148 1148 1178 1178 1178 1179 1179 1179 1153 1153 1153 1177 1177 1177 1178 1178 1178 1148 1148 1148 1179 1179 1179 1180 1180 1180 1261 1261 1261 1162 1162 1162 1161 1161 1161 1261 1261 1261 1163 1163 1163 1162 1162 1162 1262 1262 1262 1174 1174 1174 1175 1175 1175 1262 1262 1262 1173 1173 1173 1215 1215 1215 1268 1268 1268 1354 1354 1354 1355 1355 1355 1269 1269 1269 1353 1353 1353 1354 1354 1354 1271 1271 1271 1351 1351 1351 1352 1352 1352 1272 1272 1272 1350 1350 1350 1351 1351 1351 1274 1274 1274 1348 1348 1348 1349 1349 1349 1275 1275 1275 1347 1347 1347 1348 1348 1348 1273 1273 1273 1349 1349 1349 1350 1350 1350 1270 1270 1270 1352 1352 1352 1353 1353 1353 1277 1277 1277 1345 1345 1345 1346 1346 1346 1278 1278 1278 1344 1344 1344 1345 1345 1345 1280 1280 1280 1342 1342 1342 1343 1343 1343 1281 1281 1281 1341 1341 1341 1342 1342 1342 1279 1279 1279 1343 1343 1343 1344 1344 1344 1283 1283 1283 1339 1339 1339 1340 1340 1340 1284 1284 1284 1338 1338 1338 1339 1339 1339 1287 1287 1287 1335 1335 1335 1336 1336 1336 1288 1288 1288 1334 1334 1334 1335 1335 1335 1285 1285 1285 1337 1337 1337 1338 1338 1338 1282 1282 1282 1340 1340 1340 1341 1341 1341 1276 1276 1276 1346 1346 1346 1347 1347 1347 1290 1290 1290 1332 1332 1332 1333 1333 1333 1292 1292 1292 1330 1330 1330 1331 1331 1331 1293 1293 1293 1329 1329 1329 1330 1330 1330 1291 1291 1291 1331 1331 1331 1332 1332 1332 1295 1295 1295 1327 1327 1327 1328 1328 1328 1296 1296 1296 1326 1326 1326 1327 1327 1327 1298 1298 1298 1324 1324 1324 1325 1325 1325 1299 1299 1299 1323 1323 1323 1324 1324 1324 1297 1297 1297 1325 1325 1325 1326 1326 1326 1294 1294 1294 1328 1328 1328 1329 1329 1329 1301 1301 1301 1321 1321 1321 1322 1322 1322 1302 1302 1302 1320 1320 1320 1321 1321 1321 1304 1304 1304 1318 1318 1318 1319 1319 1319 1305 1305 1305 1317 1317 1317 1318 1318 1318 1303 1303 1303 1319 1319 1319 1320 1320 1320 1307 1307 1307 1315 1315 1315 1316 1316 1316 1308 1308 1308 1314 1314 1314 1315 1315 1315 1308 1308 1308 1313 1313 1313 1314 1314 1314 1306 1306 1306 1316 1316 1316 1317 1317 1317 1300 1300 1300 1322 1322 1322 1323 1323 1323 1334 1334 1334 1288 1288 1288 1289 1289 1289</p>
        </triangles>
      </mesh>
    </geometry>
  </library_geometries>
  <library_nodes>
    <node id="instance-def-ac6ac6e6-0b9a-48f3-9a3e-762d1133edff" name="Instance-Def-LUNZI_2">
      <node id="af842c05-2f12-4115-8b98-61d81a1c6232" name="Brep">
        <instance_geometry url="#mesh-a5fdb100-78e0-41a5-8fcb-a2db310aecc6">
          <bind_material>
            <technique_common>
              <instance_material symbol="material-a0000000-0000-0000-0000-000000000000" target="#a0000000-0000-0000-0000-000000000000" />
            </technique_common>
          </bind_material>
        </instance_geometry>
      </node>
    </node>
  </library_nodes>
  <library_visual_scenes>
    <visual_scene id="VisualSceneNode">
      <node id="instance-def_1-ac6ac6e6-0b9a-48f3-9a3e-762d1133edff" name="instance-def_1-ac6ac6e6-0b9a-48f3-9a3e-762d1133edff">
	<!-- <matrix>0.000000 1.000000 0.000000 4.425499 -1.000000 0.000000 0.000000 4.342918 0.000000 0.000000 1.000000 1.574800 0.000000 0.000000 0.000000 1.000000</matrix> -->
	<matrix>1 0 0 0 0 1 0 0 0 0 1 0 0 0 0 1</matrix>
        <instance_node url="#instance-def-ac6ac6e6-0b9a-48f3-9a3e-762d1133edff" />
      </node>
    </visual_scene>
  </library_visual_scenes>
  <scene>
    <instance_visual_scene url="#VisualSceneNode" />
  </scene>
</COLLADA>
